Workbook

Sheet map
A1: id | B1: platform | C1: label | D1: pathway_group | E1: pathway | F1: subpathway | G1: liu_name | H1: julkunen_name | I1: bbs_name | J1: direct_name | K1: ukbb_olink_name | L1: gwas_name | M1: gwas_id | N1: bbs_pathway | O1: direct_pathway | P1: bbs_subpathway | Q1: direct_subpathway | R1: gwas_pathway | S1: gwas_subpathway
A2: metab_compid_57814 | B2: metabolon | C2: (N(1) + N(8))-acetylspermidine | D2: =_xlfn.XLOOKUP(E2,pathways!$A$2:$A$31,pathways!$B$2:$B$31) -> Amino acid metabolism | E2: Amino Acid | F2: Polyamine Metabolism | G2: (N(1) + N(8))-acetylspermidine | I2: (N(1) + N(8))-acetylspermidine | J2: (N(1) + N(8))-acetylspermidine | L2: (N(1) + N(8))-acetylspermidine levels | M2: GCST90200153 | N2: Amino Acid | O2: Amino Acid | P2: Polyamine Metabolism | Q2: Polyamine Metabolism | R2: Amino Acid
A3: metab_compid_32350 | B3: metabolon | C3: 1-methyl-4-imidazoleacetate | D3: =_xlfn.XLOOKUP(E3,pathways!$A$2:$A$31,pathways!$B$2:$B$31) -> Amino acid metabolism | E3: Amino Acid | F3: Histidine Metabolism | G3: 1-methyl-4-imidazoleacetate | I3: 1-methyl-4-imidazoleacetate | J3: 1-methyl-4-imidazoleacetate | L3: 1-methyl-4-imidazoleacetate levels | M3: GCST90199717 | N3: Amino Acid | O3: Amino Acid | P3: Histidine Metabolism | Q3: Histidine Metabolism | R3: Amino Acid
A4: metab_compid_62946 | B4: metabolon | C4: 1-methyl-5-imidazoleacetate | D4: =_xlfn.XLOOKUP(E4,pathways!$A$2:$A$31,pathways!$B$2:$B$31) -> Amino acid metabolism | E4: Amino Acid | F4: Histidine Metabolism | G4: 1-methyl-5-imidazoleacetate | I4: 1-methyl-5-imidazoleacetate | L4: 1-methyl-5-imidazoleacetate levels | M4: GCST90199901 | N4: Amino Acid | P4: Histidine Metabolism | R4: Amino Acid
A5: metab_compid_64596 | B5: metabolon | C5: 1-methyl-5-imidazolelactate | D5: =_xlfn.XLOOKUP(E5,pathways!$A$2:$A$31,pathways!$B$2:$B$31) -> Amino acid metabolism | E5: Amino Acid | F5: Histidine Metabolism | I5: 1-methyl-5-imidazolelactate | N5: Amino Acid | P5: Histidine Metabolism
A6: metab_compid_30460 | B6: metabolon | C6: 1-methylhistidine | D6: =_xlfn.XLOOKUP(E6,pathways!$A$2:$A$31,pathways!$B$2:$B$31) -> Amino acid metabolism | E6: Amino Acid | F6: Histidine Metabolism | G6: 1-methylhistidine | I6: 1-methylhistidine | J6: 1-methylhistidine | L6: 1-methylhistidine levels | M6: GCST90199691 | N6: Amino Acid | O6: Amino Acid | P6: Histidine Metabolism | Q6: Histidine Metabolism | R6: Amino Acid | S6: Phosphatidylserine (PS)
A7: metab_compid_61868 | B7: metabolon | C7: 1-ribosyl-imidazoleacetate | D7: =_xlfn.XLOOKUP(E7,pathways!$A$2:$A$31,pathways!$B$2:$B$31) -> Amino acid metabolism | E7: Amino Acid | F7: Histidine Metabolism | G7: 1-ribosyl-imidazoleacetate | I7: 1-ribosyl-imidazoleacetate* | J7: 1-ribosyl-imidazoleacetate* | L7: 1-ribosyl-imidazoleacetate levels | M7: GCST90199815 | N7: Amino Acid | O7: Amino Acid | P7: Histidine Metabolism | Q7: Histidine Metabolism | R7: Amino Acid
A8: metab_compid_6146 | B8: metabolon | C8: 2-aminoadipate | D8: =_xlfn.XLOOKUP(E8,pathways!$A$2:$A$31,pathways!$B$2:$B$31) -> Amino acid metabolism | E8: Amino Acid | F8: Lysine Metabolism | I8: 2-aminoadipate | J8: 2-aminoadipate | N8: Amino Acid | O8: Amino Acid | P8: Lysine Metabolism | Q8: Lysine Metabolism
A9: metab_compid_42374 | B9: metabolon | C9: 2-aminobutyrate | D9: =_xlfn.XLOOKUP(E9,pathways!$A$2:$A$31,pathways!$B$2:$B$31) -> Amino acid metabolism | E9: Amino Acid | F9: Glutathione Metabolism | G9: 2-aminobutyrate | I9: 2-aminobutyrate | J9: 2-aminobutyrate | L9: 2-aminobutyrate levels | M9: GCST90200305 | N9: Amino Acid | O9: Amino Acid | P9: Glutathione Metabolism | Q9: Glutathione Metabolism | R9: Amino Acid
A10: metab_compid_36746 | B10: metabolon | C10: 2-hydroxy-3-methylvalerate | D10: =_xlfn.XLOOKUP(E10,pathways!$A$2:$A$31,pathways!$B$2:$B$31) -> Amino acid metabolism | E10: Amino Acid | F10: Leucine, Isoleucine and Valine Metabolism | I10: 2-hydroxy-3-methylvalerate | J10: 2-hydroxy-3-methylvalerate | L10: 2-hydroxy-3-methylvalerate levels | M10: GCST90199786 | N10: Amino Acid | O10: Amino Acid | P10: Leucine, Isoleucine and Valine Metabolism | Q10: Leucine, Isoleucine and Valine Metabolism | R10: Amino Acid
A11: metab_compid_63739 | B11: metabolon | C11: 2-hydroxy-4-(methylthio)butanoic acid | D11: =_xlfn.XLOOKUP(E11,pathways!$A$2:$A$31,pathways!$B$2:$B$31) -> Amino acid metabolism | E11: Amino Acid | F11: Methionine, Cysteine, SAM and Taurine Metabolism | I11: 2-hydroxy-4-(methylthio)butanoic acid | L11: 2-hydroxy-4-(methylthio)butanoic acid levels | M11: GCST90200258 | N11: Amino Acid | P11: Methionine, Cysteine, SAM and Taurine Metabolism | R11: Amino Acid | S11: Fatty Acid, Monohydroxy
A12: metab_compid_52281 | B12: metabolon | C12: 2-hydroxybutyrate/2-hydroxyisobutyrate | D12: =_xlfn.XLOOKUP(E12,pathways!$A$2:$A$31,pathways!$B$2:$B$31) -> Amino acid metabolism | E12: Amino Acid | F12: Glutathione Metabolism | I12: 2-hydroxybutyrate/2-hydroxyisobutyrate | J12: 2-hydroxybutyrate/2-hydroxyisobutyrate | L12: 2-hydroxybutyrate/2-hydroxyisobutyrate levels | M12: GCST90200032 | N12: Amino Acid | O12: Amino Acid | P12: Glutathione Metabolism | Q12: Glutathione Metabolism | R12: Amino Acid | S12: Fatty Acid, Monohydroxy
A13: metab_compid_1432 | B13: metabolon | C13: 2-hydroxyphenylacetate | D13: =_xlfn.XLOOKUP(E13,pathways!$A$2:$A$31,pathways!$B$2:$B$31) -> Amino acid metabolism | E13: Amino Acid | F13: Phenylalanine Metabolism | G13: 2-hydroxyphenylacetate | I13: 2-hydroxyphenylacetate | J13: 2-hydroxyphenylacetate | L13: 2-hydroxyphenylacetate levels | M13: GCST90200369 | N13: Amino Acid | O13: Amino Acid | P13: Phenylalanine Metabolism | Q13: Tyrosine Metabolism | R13: Amino Acid
A14: metab_compid_63120 | B14: metabolon | C14: 2-ketocaprylate | D14: =_xlfn.XLOOKUP(E14,pathways!$A$2:$A$31,pathways!$B$2:$B$31) -> Amino acid metabolism | E14: Amino Acid | F14: Leucine, Isoleucine and Valine Metabolism | I14: 2-ketocaprylate | L14: 2-ketocaprylate levels | M14: GCST90200224 | N14: Amino Acid | P14: Leucine, Isoleucine and Valine Metabolism | R14: Amino Acid
A15: metab_compid_45095 | B15: metabolon | C15: 2-methylbutyrylcarnitine (C5) | D15: =_xlfn.XLOOKUP(E15,pathways!$A$2:$A$31,pathways!$B$2:$B$31) -> Amino acid metabolism | E15: Amino Acid | F15: Leucine, Isoleucine and Valine Metabolism | I15: 2-methylbutyrylcarnitine (C5) | J15: 2-methylbutyrylcarnitine (C5) | N15: Amino Acid | O15: Amino Acid | P15: Leucine, Isoleucine and Valine Metabolism | Q15: Leucine, Isoleucine and Valine Metabolism
A16: metab_compid_55072 | B16: metabolon | C16: 2-oxoarginine | D16: =_xlfn.XLOOKUP(E16,pathways!$A$2:$A$31,pathways!$B$2:$B$31) -> Amino acid metabolism | E16: Amino Acid | F16: Urea cycle; Arginine and Proline Metabolism | I16: 2-oxoarginine* | J16: 2-oxoarginine* | L16: 2-oxoarginine levels | M16: GCST90199903 | N16: Amino Acid | O16: Amino Acid | P16: Urea cycle; Arginine and Proline Metabolism | Q16: Urea cycle; Arginine and Proline Metabolism | R16: Amino Acid
A17: metab_compid_31675 | B17: metabolon | C17: 2-pyrrolidinone | D17: =_xlfn.XLOOKUP(E17,pathways!$A$2:$A$31,pathways!$B$2:$B$31) -> Amino acid metabolism | E17: Amino Acid | F17: Glutamate Metabolism | I17: 2-pyrrolidinone | J17: 2-pyrrolidinone | N17: Amino Acid | O17: Amino Acid | P17: Glutamate Metabolism | Q17: Glutamate Metabolism
A18: metab_compid_57547 | B18: metabolon | C18: 2,3-dihydroxy-2-methylbutyrate | D18: =_xlfn.XLOOKUP(E18,pathways!$A$2:$A$31,pathways!$B$2:$B$31) -> Amino acid metabolism | E18: Amino Acid | F18: Leucine, Isoleucine and Valine Metabolism | G18: 2,3-dihydroxy-2-methylbutyrate | I18: 2,3-dihydroxy-2-methylbutyrate | J18: 2,3-dihydroxy-2-methylbutyrate | L18: 2,3-dihydroxy-2-methylbutyrate levels | M18: GCST90200112 | N18: Amino Acid | O18: Amino Acid | P18: Leucine, Isoleucine and Valine Metabolism | Q18: Leucine, Isoleucine and Valine Metabolism | R18: Amino Acid | S18: Sterol
A19: metab_compid_62805 | B19: metabolon | C19: 2,3-dihydroxy-5-methylthio-4-pentenoate (dmtpa) | D19: =_xlfn.XLOOKUP(E19,pathways!$A$2:$A$31,pathways!$B$2:$B$31) -> Amino acid metabolism | E19: Amino Acid | F19: Methionine, Cysteine, SAM and Taurine Metabolism | G19: 2,3-dihydroxy-5-methylthio-4-pentenoate (DMTPA) | I19: 2,3-dihydroxy-5-methylthio-4-pentenoate (DMTPA)* | L19: 2,3-dihydroxy-5-methylthio-4-pentenoate (dmtpa) levels | M19: GCST90200233 | N19: Amino Acid | P19: Methionine, Cysteine, SAM and Taurine Metabolism | R19: Amino Acid
A20: metab_compid_32197 | B20: metabolon | C20: 3-(4-hydroxyphenyl)lactate | D20: =_xlfn.XLOOKUP(E20,pathways!$A$2:$A$31,pathways!$B$2:$B$31) -> Amino acid metabolism | E20: Amino Acid | F20: Tyrosine Metabolism | I20: 3-(4-hydroxyphenyl)lactate | J20: 3-(4-hydroxyphenyl)lactate | L20: 3-(4-hydroxyphenyl)lactate levels | M20: GCST90200371 | N20: Amino Acid | O20: Amino Acid | P20: Tyrosine Metabolism | Q20: Tyrosine Metabolism | R20: Amino Acid | S20: Xanthine Metabolism
A21: metab_compid_62853 | B21: metabolon | C21: 3-amino-2-piperidone | D21: =_xlfn.XLOOKUP(E21,pathways!$A$2:$A$31,pathways!$B$2:$B$31) -> Amino acid metabolism | E21: Amino Acid | F21: Urea cycle; Arginine and Proline Metabolism | G21: 3-amino-2-piperidone | I21: 3-amino-2-piperidone | L21: 3-amino-2-piperidone levels | M21: GCST90200188 | N21: Amino Acid | P21: Urea cycle; Arginine and Proline Metabolism | R21: Amino Acid
A22: metab_compid_32397 | B22: metabolon | C22: 3-hydroxy-2-ethylpropionate | D22: =_xlfn.XLOOKUP(E22,pathways!$A$2:$A$31,pathways!$B$2:$B$31) -> Amino acid metabolism | E22: Amino Acid | F22: Leucine, Isoleucine and Valine Metabolism | I22: 3-hydroxy-2-ethylpropionate | J22: 3-hydroxy-2-ethylpropionate | L22: 3-hydroxy-2-ethylpropionate levels | M22: GCST90199714 | N22: Amino Acid | O22: Amino Acid | P22: Leucine, Isoleucine and Valine Metabolism | Q22: Leucine, Isoleucine and Valine Metabolism | R22: Amino Acid
A23: metab_compid_1549 | B23: metabolon | C23: 3-hydroxyisobutyrate | D23: =_xlfn.XLOOKUP(E23,pathways!$A$2:$A$31,pathways!$B$2:$B$31) -> Amino acid metabolism | E23: Amino Acid | F23: Leucine, Isoleucine and Valine Metabolism | I23: 3-hydroxyisobutyrate | J23: 3-hydroxyisobutyrate | L23: 3-hydroxyisobutyrate levels | M23: GCST90200308 | N23: Amino Acid | O23: Amino Acid | P23: Leucine, Isoleucine and Valine Metabolism | Q23: Leucine, Isoleucine and Valine Metabolism | R23: Amino Acid
A24: metab_compid_27672 | B24: metabolon | C24: 3-indoxyl sulfate | D24: =_xlfn.XLOOKUP(E24,pathways!$A$2:$A$31,pathways!$B$2:$B$31) -> Amino acid metabolism | E24: Amino Acid | F24: Tryptophan Metabolism | I24: 3-indoxyl sulfate | J24: 3-indoxyl sulfate | L24: 3-indoxyl sulfate levels | M24: GCST90199656 | N24: Amino Acid | O24: Amino Acid | P24: Tryptophan Metabolism | Q24: Tryptophan Metabolism | R24: Amino Acid
A25: metab_compid_44618 | B25: metabolon | C25: 3-methoxytyramine sulfate | D25: =_xlfn.XLOOKUP(E25,pathways!$A$2:$A$31,pathways!$B$2:$B$31) -> Amino acid metabolism | E25: Amino Acid | F25: Tyrosine Metabolism | J25: 3-methoxytyramine sulfate | L25: 3-methoxytyramine sulfate levels | M25: GCST90199953 | O25: Amino Acid | Q25: Tyrosine Metabolism | R25: Amino Acid | S25: Fatty Acid, Monohydroxy
A26: metab_compid_12017 | B26: metabolon | C26: 3-methoxytyrosine | D26: =_xlfn.XLOOKUP(E26,pathways!$A$2:$A$31,pathways!$B$2:$B$31) -> Amino acid metabolism | E26: Amino Acid | F26: Tyrosine Metabolism | G26: 3-methoxytyrosine | I26: 3-methoxytyrosine | J26: 3-methoxytyrosine | L26: 3-methoxytyrosine levels | M26: GCST90200328 | N26: Amino Acid | O26: Amino Acid | P26: Tyrosine Metabolism | Q26: Tyrosine Metabolism | R26: Amino Acid
A27: metab_compid_44526 | B27: metabolon | C27: 3-methyl-2-oxobutyrate | D27: =_xlfn.XLOOKUP(E27,pathways!$A$2:$A$31,pathways!$B$2:$B$31) -> Amino acid metabolism | E27: Amino Acid | F27: Leucine, Isoleucine and Valine Metabolism | I27: 3-methyl-2-oxobutyrate | J27: 3-methyl-2-oxobutyrate | L27: 3-methyl-2-oxobutyrate levels | M27: GCST90199677 | N27: Amino Acid | O27: Amino Acid | P27: Leucine, Isoleucine and Valine Metabolism | Q27: Leucine, Isoleucine and Valine Metabolism | R27: Amino Acid
A28: metab_compid_15676 | B28: metabolon | C28: 3-methyl-2-oxovalerate | D28: =_xlfn.XLOOKUP(E28,pathways!$A$2:$A$31,pathways!$B$2:$B$31) -> Amino acid metabolism | E28: Amino Acid | F28: Leucine, Isoleucine and Valine Metabolism | I28: 3-methyl-2-oxovalerate | J28: 3-methyl-2-oxovalerate | L28: 3-methyl-2-oxovalerate levels | M28: GCST90199631 | N28: Amino Acid | O28: Amino Acid | P28: Leucine, Isoleucine and Valine Metabolism | Q28: Leucine, Isoleucine and Valine Metabolism | R28: Amino Acid
A29: metab_compid_57747 | B29: metabolon | C29: 3-methylglutaconate | D29: =_xlfn.XLOOKUP(E29,pathways!$A$2:$A$31,pathways!$B$2:$B$31) -> Amino acid metabolism | E29: Amino Acid | F29: Leucine, Isoleucine and Valine Metabolism | I29: 3-methylglutaconate | J29: 3-methylglutaconate | L29: 3-methylglutaconate levels | M29: GCST90199886 | N29: Amino Acid | O29: Amino Acid | P29: Leucine, Isoleucine and Valine Metabolism | Q29: Leucine, Isoleucine and Valine Metabolism | R29: Amino Acid
A30: metab_compid_46548 | B30: metabolon | C30: 3-methylglutarylcarnitine (2) | D30: =_xlfn.XLOOKUP(E30,pathways!$A$2:$A$31,pathways!$B$2:$B$31) -> Amino acid metabolism | E30: Amino Acid | F30: Leucine, Isoleucine and Valine Metabolism | I30: 3-methylglutarylcarnitine (2) | L30: 3-methylglutarylcarnitine (2) levels | M30: GCST90199971 | N30: Amino Acid | P30: Leucine, Isoleucine and Valine Metabolism | R30: Amino Acid
A31: metab_compid_15677 | B31: metabolon | C31: 3-methylhistidine | D31: =_xlfn.XLOOKUP(E31,pathways!$A$2:$A$31,pathways!$B$2:$B$31) -> Amino acid metabolism | E31: Amino Acid | F31: Histidine Metabolism | I31: 3-methylhistidine | J31: 3-methylhistidine | L31: 3-methylhistidine levels | M31: GCST90199628 | N31: Amino Acid | O31: Amino Acid | P31: Histidine Metabolism | Q31: Histidine Metabolism | R31: Amino Acid
A32: metab_compid_47089 | B32: metabolon | C32: 3-sulfo-L-alanine | D32: =_xlfn.XLOOKUP(E32,pathways!$A$2:$A$31,pathways!$B$2:$B$31) -> Amino acid metabolism | E32: Amino Acid | F32: Methionine, Cysteine, SAM and Taurine Metabolism | I32: 3-sulfo-alanine | J32: 3-sulfo-L-alanine | N32: Amino Acid | O32: Amino Acid | P32: Methionine, Cysteine, SAM and Taurine Metabolism | Q32: Methionine, Cysteine, SAM and Taurine Metabolism | S32: Chemical
A33: metab_compid_1558 | B33: metabolon | C33: 4-acetamidobutanoate | D33: =_xlfn.XLOOKUP(E33,pathways!$A$2:$A$31,pathways!$B$2:$B$31) -> Amino acid metabolism | E33: Amino Acid | F33: Polyamine Metabolism | G33: 4-acetamidobutanoate | I33: 4-acetamidobutanoate | L33: 4-acetamidobutanoate levels | M33: GCST90200311 | N33: Amino Acid | P33: Polyamine Metabolism | R33: Amino Acid | S33: Glutamate Metabolism
A34: metab_compid_15681 | B34: metabolon | C34: 4-guanidinobutanoate | D34: =_xlfn.XLOOKUP(E34,pathways!$A$2:$A$31,pathways!$B$2:$B$31) -> Amino acid metabolism | E34: Amino Acid | F34: Guanidino and Acetamido Metabolism | G34: 4-guanidinobutanoate | I34: 4-guanidinobutanoate | J34: 4-guanidinobutanoate | L34: 4-guanidinobutanoate levels | M34: GCST90199640 | N34: Amino Acid | O34: Amino Acid | P34: Guanidino and Acetamido Metabolism | Q34: Guanidino and Acetamido Metabolism | R34: Amino Acid
A35: metab_compid_40499 | B35: metabolon | C35: 4-hydroxyglutamate | D35: =_xlfn.XLOOKUP(E35,pathways!$A$2:$A$31,pathways!$B$2:$B$31) -> Amino acid metabolism | E35: Amino Acid | F35: Glutamate Metabolism | I35: 4-hydroxyglutamate | L35: 4-hydroxyglutamate levels | M35: GCST90199890 | N35: Amino Acid | P35: Glutamate Metabolism | R35: Amino Acid
A36: metab_compid_541 | B36: metabolon | C36: 4-hydroxyphenylacetate | D36: =_xlfn.XLOOKUP(E36,pathways!$A$2:$A$31,pathways!$B$2:$B$31) -> Amino acid metabolism | E36: Amino Acid | F36: Phenylalanine Metabolism | G36: 4-hydroxyphenylacetate | I36: 4-hydroxyphenylacetate | L36: 4-hydroxyphenylacetate levels | M36: GCST90200338 | N36: Amino Acid | P36: Phenylalanine Metabolism | R36: Amino Acid
A37: metab_compid_1669 | B37: metabolon | C37: 4-hydroxyphenylpyruvate | D37: =_xlfn.XLOOKUP(E37,pathways!$A$2:$A$31,pathways!$B$2:$B$31) -> Amino acid metabolism | E37: Amino Acid | F37: Tyrosine Metabolism | G37: 4-hydroxyphenylpyruvate | I37: 4-hydroxyphenylpyruvate | J37: 4-hydroxyphenylpyruvate | L37: 4-hydroxyphenylpyruvate levels | M37: GCST90200300 | N37: Amino Acid | O37: Amino Acid | P37: Tyrosine Metabolism | Q37: Tyrosine Metabolism | R37: Amino Acid
A38: metab_compid_48457 | B38: metabolon | C38: 4-methoxyphenol sulfate | D38: =_xlfn.XLOOKUP(E38,pathways!$A$2:$A$31,pathways!$B$2:$B$31) -> Amino acid metabolism | E38: Amino Acid | F38: Tyrosine Metabolism | I38: 4-methoxyphenol sulfate | J38: 4-methoxyphenol sulfate | L38: 4-methoxyphenol sulfate levels | M38: GCST90199999 | N38: Amino Acid | O38: Amino Acid | P38: Tyrosine Metabolism | Q38: Tyrosine Metabolism | R38: Amino Acid | S38: Tyrosine Metabolism
A39: metab_compid_22116 | B39: metabolon | C39: 4-methyl-2-oxopentanoate | D39: =_xlfn.XLOOKUP(E39,pathways!$A$2:$A$31,pathways!$B$2:$B$31) -> Amino acid metabolism | E39: Amino Acid | F39: Leucine, Isoleucine and Valine Metabolism | I39: 4-methyl-2-oxopentanoate | J39: 4-methyl-2-oxopentanoate | L39: 4-methyl-2-oxopentanoate levels | M39: GCST90199655 | N39: Amino Acid | O39: Amino Acid | P39: Leucine, Isoleucine and Valine Metabolism | Q39: Leucine, Isoleucine and Valine Metabolism | R39: Amino Acid | S39: Glycogen Metabolism
A40: metab_compid_43582 | B40: metabolon | C40: 5-(galactosylhydroxy)-L-lysine | D40: =_xlfn.XLOOKUP(E40,pathways!$A$2:$A$31,pathways!$B$2:$B$31) -> Amino acid metabolism | E40: Amino Acid | F40: Lysine Metabolism | G40: 5-(galactosylhydroxy)-L-lysine | I40: 5-(galactosylhydroxy)-lysine | J40: 5-(galactosylhydroxy)-L-lysine | L40: 5-(galactosylhydroxy)-L-lysine levels | M40: GCST90199881 | N40: Amino Acid | O40: Amino Acid | P40: Lysine Metabolism | Q40: Lysine Metabolism | R40: Amino Acid | S40: Benzoate Metabolism
A41: metab_compid_52914 | B41: metabolon | C41: 5-hydroxyindole sulfate | D41: =_xlfn.XLOOKUP(E41,pathways!$A$2:$A$31,pathways!$B$2:$B$31) -> Amino acid metabolism | E41: Amino Acid | F41: Tryptophan Metabolism | I41: 5-hydroxyindole sulfate | L41: 5-hydroxyindole sulfate levels | M41: GCST90200050 | N41: Amino Acid | P41: Tryptophan Metabolism | R41: Amino Acid
A42: metab_compid_437 | B42: metabolon | C42: 5-hydroxyindoleacetate | D42: =_xlfn.XLOOKUP(E42,pathways!$A$2:$A$31,pathways!$B$2:$B$31) -> Amino acid metabolism | E42: Amino Acid | F42: Tryptophan Metabolism | I42: 5-hydroxyindoleacetate | J42: 5-hydroxyindoleacetate | N42: Amino Acid | O42: Amino Acid | P42: Tryptophan Metabolism | Q42: Tryptophan Metabolism
A43: metab_compid_15685 | B43: metabolon | C43: 5-hydroxylysine | D43: =_xlfn.XLOOKUP(E43,pathways!$A$2:$A$31,pathways!$B$2:$B$31) -> Amino acid metabolism | E43: Amino Acid | F43: Lysine Metabolism | G43: 5-hydroxylysine | I43: 5-hydroxylysine | L43: 5-hydroxylysine levels | M43: GCST90199634 | N43: Amino Acid | P43: Lysine Metabolism | R43: Amino Acid
A44: metab_compid_1419 | B44: metabolon | C44: 5-methylthioadenosine (mta) | D44: =_xlfn.XLOOKUP(E44,pathways!$A$2:$A$31,pathways!$B$2:$B$31) -> Amino acid metabolism | E44: Amino Acid | F44: Polyamine Metabolism | G44: 5-methylthioadenosine (MTA) | I44: 5-methylthioadenosine (MTA) | J44: 5-methylthioadenosine (MTA) | L44: 5-methylthioadenosine (mta) levels | M44: GCST90200359 | N44: Amino Acid | O44: Amino Acid | P44: Polyamine Metabolism | Q44: Polyamine Metabolism | R44: Amino Acid
A45: metab_compid_62100 | B45: metabolon | C45: 5-methylthioribose** | D45: =_xlfn.XLOOKUP(E45,pathways!$A$2:$A$31,pathways!$B$2:$B$31) -> Amino acid metabolism | E45: Amino Acid | F45: Methionine, Cysteine, SAM and Taurine Metabolism | G45: 5-methylthioribose | I45: 5-methylthioribose** | J45: 5-methylthioribose** | N45: Amino Acid | O45: Amino Acid | P45: Methionine, Cysteine, SAM and Taurine Metabolism | Q45: Methionine, Cysteine, SAM and Taurine Metabolism
A46: metab_compid_1494 | B46: metabolon | C46: 5-oxoproline | D46: =_xlfn.XLOOKUP(E46,pathways!$A$2:$A$31,pathways!$B$2:$B$31) -> Amino acid metabolism | E46: Amino Acid | F46: Glutathione Metabolism | G46: pyroglutamine | I46: 5-oxoproline | J46: 5-oxoproline | L46: 5-oxoproline levels | M46: GCST90200280 | N46: Amino Acid | O46: Amino Acid | P46: Glutathione Metabolism | Q46: Glutathione Metabolism | R46: Amino Acid
A47: metab_compid_62503 | B47: metabolon | C47: 6-bromotryptophan | D47: =_xlfn.XLOOKUP(E47,pathways!$A$2:$A$31,pathways!$B$2:$B$31) -> Amino acid metabolism | E47: Amino Acid | F47: Tryptophan Metabolism | I47: 6-bromotryptophan | J47: 6-bromotryptophan | L47: 6-bromotryptophan levels | M47: GCST90200201 | N47: Amino Acid | O47: Amino Acid | P47: Tryptophan Metabolism | Q47: Tryptophan Metabolism | R47: Amino Acid
A48: metab_compid_43231 | B48: metabolon | C48: 6-oxopiperidine-2-carboxylate | D48: =_xlfn.XLOOKUP(E48,pathways!$A$2:$A$31,pathways!$B$2:$B$31) -> Amino acid metabolism | E48: Amino Acid | F48: Lysine Metabolism | G48: 6-oxopiperidine-2-carboxylate | I48: 6-oxopiperidine-2-carboxylate | J48: 6-oxopiperidine-2-carboxylate | L48: 6-oxopiperidine-2-carboxylate levels | M48: GCST90199949 | N48: Amino Acid | O48: Amino Acid | P48: Lysine Metabolism | Q48: Lysine Metabolism | R48: Amino Acid
A49: metab_compid_43258 | B49: metabolon | C49: Acisoga | D49: =_xlfn.XLOOKUP(E49,pathways!$A$2:$A$31,pathways!$B$2:$B$31) -> Amino acid metabolism | E49: Amino Acid | F49: Polyamine Metabolism | G49: acisoga | I49: acisoga | J49: acisoga | L49: Acisoga levels | M49: GCST90199962 | N49: Amino Acid | O49: Amino Acid | P49: Polyamine Metabolism | Q49: Polyamine Metabolism | R49: Amino Acid
A50: metab_compid_1126 | B50: metabolon | C50: Alanine | D50: =_xlfn.XLOOKUP(E50,pathways!$A$2:$A$31,pathways!$B$2:$B$31) -> Amino acid metabolism | E50: Amino Acid | F50: Alanine and Aspartate Metabolism | G50: alanine | I50: alanine | J50: alanine | L50: Alanine levels | M50: GCST90200431 | N50: Amino Acid | O50: Amino Acid | P50: Alanine and Aspartate Metabolism | Q50: Alanine and Aspartate Metabolism | R50: Amino Acid
A51: metab_compid_22132 | B51: metabolon | C51: Alpha-hydroxyisocaproate | D51: =_xlfn.XLOOKUP(E51,pathways!$A$2:$A$31,pathways!$B$2:$B$31) -> Amino acid metabolism | E51: Amino Acid | F51: Leucine, Isoleucine and Valine Metabolism | I51: alpha-hydroxyisocaproate | J51: alpha-hydroxyisocaproate | L51: Alpha-hydroxyisocaproate levels | M51: GCST90199658 | N51: Amino Acid | O51: Amino Acid | P51: Leucine, Isoleucine and Valine Metabolism | Q51: Leucine, Isoleucine and Valine Metabolism | R51: Amino Acid
A52: metab_compid_46537 | B52: metabolon | C52: Alpha-hydroxyisovalerate | D52: =_xlfn.XLOOKUP(E52,pathways!$A$2:$A$31,pathways!$B$2:$B$31) -> Amino acid metabolism | E52: Amino Acid | F52: Leucine, Isoleucine and Valine Metabolism | J52: alpha-hydroxyisovalerate | O52: Amino Acid | Q52: Leucine, Isoleucine and Valine Metabolism
A53: metab_compid_33937 | B53: metabolon | C53: Alpha-hydroxyisovalerate | D53: =_xlfn.XLOOKUP(E53,pathways!$A$2:$A$31,pathways!$B$2:$B$31) -> Amino acid metabolism | E53: Amino Acid | F53: Leucine, Isoleucine and Valine Metabolism | I53: alpha-hydroxyisovalerate | L53: Alpha-hydroxyisovalerate levels | M53: GCST90199736 | N53: Amino Acid | P53: Leucine, Isoleucine and Valine Metabolism | R53: Amino Acid
A54: metab_compid_4968 | B54: metabolon | C54: Alpha-ketobutyrate | D54: =_xlfn.XLOOKUP(E54,pathways!$A$2:$A$31,pathways!$B$2:$B$31) -> Amino acid metabolism | E54: Amino Acid | F54: Methionine, Cysteine, SAM and Taurine Metabolism | G54: alpha-ketobutyrate | I54: alpha-ketobutyrate | L54: Alpha-ketobutyrate levels | M54: GCST90200438 | N54: Amino Acid | P54: Methionine, Cysteine, SAM and Taurine Metabolism | R54: Amino Acid
A55: metab_compid_62101 | B55: metabolon | C55: Alpha-ketoglutaramate | D55: =_xlfn.XLOOKUP(E55,pathways!$A$2:$A$31,pathways!$B$2:$B$31) -> Amino acid metabolism | E55: Amino Acid | F55: Glutamate Metabolism | G55: alpha-ketoglutaramate | I55: alpha-ketoglutaramate* | J55: alpha-ketoglutaramate* | L55: Alpha-ketoglutaramate levels | M55: GCST90199885 | N55: Amino Acid | O55: Amino Acid | P55: Glutamate Metabolism | Q55: Glutamate Metabolism | R55: Amino Acid
A56: metab_compid_4970 | B56: metabolon | C56: Anthranilate | D56: =_xlfn.XLOOKUP(E56,pathways!$A$2:$A$31,pathways!$B$2:$B$31) -> Amino acid metabolism | E56: Amino Acid | F56: Tryptophan Metabolism | I56: anthranilate | L56: Anthranilate levels | M56: GCST90200324 | N56: Amino Acid | P56: Tryptophan Metabolism | R56: Amino Acid
A57: metab_compid_57461 | B57: metabolon | C57: Argininate | D57: =_xlfn.XLOOKUP(E57,pathways!$A$2:$A$31,pathways!$B$2:$B$31) -> Amino acid metabolism | E57: Amino Acid | F57: Urea cycle; Arginine and Proline Metabolism | I57: argininate* | J57: argininate* | L57: Argininate levels | M57: GCST90199900 | N57: Amino Acid | O57: Amino Acid | P57: Urea cycle; Arginine and Proline Metabolism | Q57: Urea cycle; Arginine and Proline Metabolism | R57: Amino Acid
A58: metab_compid_1638 | B58: metabolon | C58: Arginine | D58: =_xlfn.XLOOKUP(E58,pathways!$A$2:$A$31,pathways!$B$2:$B$31) -> Amino acid metabolism | E58: Amino Acid | F58: Urea cycle; Arginine and Proline Metabolism | I58: arginine | J58: arginine | L58: Arginine levels | M58: GCST90200372 | N58: Amino Acid | O58: Amino Acid | P58: Urea cycle; Arginine and Proline Metabolism | Q58: Urea cycle; Arginine and Proline Metabolism | R58: Amino Acid
A59: metab_compid_512 | B59: metabolon | C59: Asparagine | D59: =_xlfn.XLOOKUP(E59,pathways!$A$2:$A$31,pathways!$B$2:$B$31) -> Amino acid metabolism | E59: Amino Acid | F59: Alanine and Aspartate Metabolism | G59: asparagine | I59: asparagine | J59: asparagine | L59: Asparagine levels | M59: GCST90200452 | N59: Amino Acid | O59: Amino Acid | P59: Alanine and Aspartate Metabolism | Q59: Alanine and Aspartate Metabolism | R59: Amino Acid
A60: metab_compid_443 | B60: metabolon | C60: Aspartate | D60: =_xlfn.XLOOKUP(E60,pathways!$A$2:$A$31,pathways!$B$2:$B$31) -> Amino acid metabolism | E60: Amino Acid | F60: Alanine and Aspartate Metabolism | I60: aspartate | J60: aspartate | L60: Aspartate levels | M60: GCST90200370 | N60: Amino Acid | O60: Amino Acid | P60: Alanine and Aspartate Metabolism | Q60: Alanine and Aspartate Metabolism | R60: Amino Acid
A61: metab_compid_55 | B61: metabolon | C61: Beta-alanine | D61: =_xlfn.XLOOKUP(E61,pathways!$A$2:$A$31,pathways!$B$2:$B$31) -> Amino acid metabolism | E61: Amino Acid | F61: Pyrimidine Metabolism, Uracil containing | I61: beta-alanine | J61: beta-alanine | L61: Beta-alanine levels | M61: GCST90200361 | N61: Nucleotide | O61: Nucleotide | P61: Pyrimidine Metabolism, Uracil containing | Q61: Pyrimidine Metabolism, Uracil containing | R61: Nucleotide
A62: metab_compid_54923 | B62: metabolon | C62: Beta-citrylglutamate | D62: =_xlfn.XLOOKUP(E62,pathways!$A$2:$A$31,pathways!$B$2:$B$31) -> Amino acid metabolism | E62: Amino Acid | F62: Glutamate Metabolism | G62: beta-citrylglutamate | I62: beta-citrylglutamate | J62: beta-citrylglutamate | L62: Beta-citrylglutamate levels | M62: GCST90199911 | N62: Amino Acid | O62: Amino Acid | P62: Glutamate Metabolism | Q62: Glutamate Metabolism | R62: Amino Acid | S62: Unknown
A63: metab_compid_12129 | B63: metabolon | C63: Beta-hydroxyisovalerate | D63: =_xlfn.XLOOKUP(E63,pathways!$A$2:$A$31,pathways!$B$2:$B$31) -> Amino acid metabolism | E63: Amino Acid | F63: Leucine, Isoleucine and Valine Metabolism | I63: beta-hydroxyisovalerate | J63: beta-hydroxyisovalerate | L63: Beta-hydroxyisovalerate levels | M63: GCST90200322 | N63: Amino Acid | O63: Amino Acid | P63: Leucine, Isoleucine and Valine Metabolism | Q63: Leucine, Isoleucine and Valine Metabolism | R63: Amino Acid
A64: metab_compid_35433 | B64: metabolon | C64: Beta-hydroxyisovaleroylcarnitine | D64: =_xlfn.XLOOKUP(E64,pathways!$A$2:$A$31,pathways!$B$2:$B$31) -> Amino acid metabolism | E64: Amino Acid | F64: Leucine, Isoleucine and Valine Metabolism | I64: beta-hydroxyisovaleroylcarnitine | L64: Beta-hydroxyisovaleroylcarnitine levels | M64: GCST90199802 | N64: Amino Acid | P64: Leucine, Isoleucine and Valine Metabolism | R64: Amino Acid
A65: metab_compid_3141 | B65: metabolon | C65: Betaine | D65: =_xlfn.XLOOKUP(E65,pathways!$A$2:$A$31,pathways!$B$2:$B$31) -> Amino acid metabolism | E65: Amino Acid | F65: Glycine, Serine and Threonine Metabolism | I65: betaine | J65: betaine | L65: Betaine levels | M65: GCST90200425 | N65: Amino Acid | O65: Amino Acid | P65: Glycine, Serine and Threonine Metabolism | Q65: Glycine, Serine and Threonine Metabolism | R65: Amino Acid
A66: metab_compid_48782 | B66: metabolon | C66: C-glycosyltryptophan | D66: =_xlfn.XLOOKUP(E66,pathways!$A$2:$A$31,pathways!$B$2:$B$31) -> Amino acid metabolism | E66: Amino Acid | F66: Tryptophan Metabolism | G66: C-glycosyltryptophan | I66: C-glycosyltryptophan | J66: C-glycosyltryptophan | L66: C-glycosyltryptophan levels | M66: GCST90200008 | N66: Amino Acid | O66: Amino Acid | P66: Tryptophan Metabolism | Q66: Tryptophan Metabolism | R66: Amino Acid
A67: metab_compid_2132 | B67: metabolon | C67: Citrulline | D67: =_xlfn.XLOOKUP(E67,pathways!$A$2:$A$31,pathways!$B$2:$B$31) -> Amino acid metabolism | E67: Amino Acid | F67: Urea cycle; Arginine and Proline Metabolism | I67: citrulline | J67: citrulline | L67: Citrulline levels | M67: GCST90200403 | N67: Amino Acid | O67: Amino Acid | P67: Urea cycle; Arginine and Proline Metabolism | Q67: Urea cycle; Arginine and Proline Metabolism | R67: Amino Acid
A68: metab_compid_27718 | B68: metabolon | C68: Creatine | D68: =_xlfn.XLOOKUP(E68,pathways!$A$2:$A$31,pathways!$B$2:$B$31) -> Amino acid metabolism | E68: Amino Acid | F68: Creatine Metabolism | I68: creatine | J68: creatine | L68: Creatine levels | M68: GCST90200323 | N68: Amino Acid | O68: Amino Acid | P68: Creatine Metabolism | Q68: Creatine Metabolism | R68: Amino Acid
A69: metab_compid_513 | B69: metabolon | C69: Creatinine | D69: =_xlfn.XLOOKUP(E69,pathways!$A$2:$A$31,pathways!$B$2:$B$31) -> Amino acid metabolism | E69: Amino Acid | F69: Creatine Metabolism | G69: creatinine | I69: creatinine | J69: creatinine | L69: Creatinine levels | M69: GCST90200366 | N69: Amino Acid | O69: Amino Acid | P69: Creatine Metabolism | Q69: Creatine Metabolism | R69: Amino Acid
A70: metab_compid_18368 | B70: metabolon | C70: Cys-gly, oxidized | D70: =_xlfn.XLOOKUP(E70,pathways!$A$2:$A$31,pathways!$B$2:$B$31) -> Amino acid metabolism | E70: Amino Acid | F70: Glutathione Metabolism | G70: cys-gly, oxidized | I70: cys-gly, oxidized | J70: cys-gly, oxidized | L70: Cys-gly, oxidized levels | M70: GCST90200319 | N70: Amino Acid | O70: Amino Acid | P70: Glutathione Metabolism | Q70: Glutathione Metabolism | R70: Amino Acid | S70: Unknown
A71: metab_compid_15705 | B71: metabolon | C71: Cystathionine | D71: =_xlfn.XLOOKUP(E71,pathways!$A$2:$A$31,pathways!$B$2:$B$31) -> Amino acid metabolism | E71: Amino Acid | F71: Methionine, Cysteine, SAM and Taurine Metabolism | I71: cystathionine | J71: cystathionine | L71: Cystathionine levels | M71: GCST90200383 | N71: Amino Acid | O71: Amino Acid | P71: Methionine, Cysteine, SAM and Taurine Metabolism | Q71: Methionine, Cysteine, SAM and Taurine Metabolism | R71: Amino Acid
A72: metab_compid_1868 | B72: metabolon | C72: Cysteine | D72: =_xlfn.XLOOKUP(E72,pathways!$A$2:$A$31,pathways!$B$2:$B$31) -> Amino acid metabolism | E72: Amino Acid | F72: Methionine, Cysteine, SAM and Taurine Metabolism | I72: cysteine | J72: cysteine | L72: Cysteine levels | M72: GCST90200439 | N72: Amino Acid | O72: Amino Acid | P72: Methionine, Cysteine, SAM and Taurine Metabolism | Q72: Methionine, Cysteine, SAM and Taurine Metabolism | R72: Amino Acid
A73: metab_compid_22176 | B73: metabolon | C73: Cysteine s-sulfate | D73: =_xlfn.XLOOKUP(E73,pathways!$A$2:$A$31,pathways!$B$2:$B$31) -> Amino acid metabolism | E73: Amino Acid | F73: Methionine, Cysteine, SAM and Taurine Metabolism | I73: cysteine s-sulfate | J73: cysteine s-sulfate | L73: Cysteine s-sulfate levels | M73: GCST90199671 | N73: Amino Acid | O73: Amino Acid | P73: Methionine, Cysteine, SAM and Taurine Metabolism | Q73: Methionine, Cysteine, SAM and Taurine Metabolism | R73: Amino Acid
A74: metab_compid_37443 | B74: metabolon | C74: Cysteine sulfinic acid | D74: =_xlfn.XLOOKUP(E74,pathways!$A$2:$A$31,pathways!$B$2:$B$31) -> Amino acid metabolism | E74: Amino Acid | F74: Methionine, Cysteine, SAM and Taurine Metabolism | I74: cysteine sulfinic acid | N74: Amino Acid | P74: Methionine, Cysteine, SAM and Taurine Metabolism
A75: metab_compid_35159 | B75: metabolon | C75: Cysteine-glutathione disulfide | D75: =_xlfn.XLOOKUP(E75,pathways!$A$2:$A$31,pathways!$B$2:$B$31) -> Amino acid metabolism | E75: Amino Acid | F75: Glutathione Metabolism | I75: cysteine-glutathione disulfide | L75: Cysteine-glutathione disulfide levels | M75: GCST90199784 | N75: Amino Acid | P75: Glutathione Metabolism | R75: Amino Acid
A76: metab_compid_35637 | B76: metabolon | C76: Cysteinylglycine | D76: =_xlfn.XLOOKUP(E76,pathways!$A$2:$A$31,pathways!$B$2:$B$31) -> Amino acid metabolism | E76: Amino Acid | F76: Glutathione Metabolism | I76: cysteinylglycine | J76: cysteinylglycine | L76: Cysteinylglycine levels | M76: GCST90200364 | N76: Amino Acid | O76: Amino Acid | P76: Glutathione Metabolism | Q76: Glutathione Metabolism | R76: Amino Acid
A77: metab_compid_62103 | B77: metabolon | C77: Cysteinylglycine disulfide | D77: =_xlfn.XLOOKUP(E77,pathways!$A$2:$A$31,pathways!$B$2:$B$31) -> Amino acid metabolism | E77: Amino Acid | F77: Glutathione Metabolism | I77: cysteinylglycine disulfide* | J77: cysteinylglycine disulfide* | L77: Cysteinylglycine disulfide levels | M77: GCST90199883 | N77: Amino Acid | O77: Amino Acid | P77: Glutathione Metabolism | Q77: Glutathione Metabolism | R77: Amino Acid
A78: metab_compid_56 | B78: metabolon | C78: Cystine | D78: =_xlfn.XLOOKUP(E78,pathways!$A$2:$A$31,pathways!$B$2:$B$31) -> Amino acid metabolism | E78: Amino Acid | F78: Methionine, Cysteine, SAM and Taurine Metabolism | I78: cystine | J78: cystine | L78: Cystine levels | M78: GCST90200382 | N78: Amino Acid | O78: Amino Acid | P78: Methionine, Cysteine, SAM and Taurine Metabolism | Q78: Methionine, Cysteine, SAM and Taurine Metabolism | R78: Amino Acid
A79: metab_compid_36808 | B79: metabolon | C79: Dimethylarginine (sdma + adma) | D79: =_xlfn.XLOOKUP(E79,pathways!$A$2:$A$31,pathways!$B$2:$B$31) -> Amino acid metabolism | E79: Amino Acid | F79: Urea cycle; Arginine and Proline Metabolism | G79: dimethylarginine (SDMA + ADMA) | I79: dimethylarginine (SDMA + ADMA) | J79: dimethylarginine (SDMA + ADMA) | L79: Dimethylarginine (sdma + adma) levels | M79: GCST90199832 | N79: Amino Acid | O79: Amino Acid | P79: Urea cycle; Arginine and Proline Metabolism | Q79: Urea cycle; Arginine and Proline Metabolism | R79: Amino Acid
A80: metab_compid_5086 | B80: metabolon | C80: Dimethylglycine | D80: =_xlfn.XLOOKUP(E80,pathways!$A$2:$A$31,pathways!$B$2:$B$31) -> Amino acid metabolism | E80: Amino Acid | F80: Glycine, Serine and Threonine Metabolism | I80: dimethylglycine | J80: dimethylglycine | L80: Dimethylglycine levels | M80: GCST90200424 | N80: Amino Acid | O80: Amino Acid | P80: Glycine, Serine and Threonine Metabolism | Q80: Glycine, Serine and Threonine Metabolism | R80: Amino Acid
A81: metab_compid_48407 | B81: metabolon | C81: Dopamine 3-o-sulfate | D81: =_xlfn.XLOOKUP(E81,pathways!$A$2:$A$31,pathways!$B$2:$B$31) -> Amino acid metabolism | E81: Amino Acid | F81: Tyrosine Metabolism | G81: dopamine 3-O-sulfate | I81: dopamine 3-O-sulfate | J81: dopamine 3-O-sulfate | L81: Dopamine 3-o-sulfate levels | M81: GCST90200019 | N81: Amino Acid | O81: Amino Acid | P81: Tyrosine Metabolism | Q81: Tyrosine Metabolism | R81: Amino Acid
A82: metab_compid_48406 | B82: metabolon | C82: Dopamine 4-sulfate | D82: =_xlfn.XLOOKUP(E82,pathways!$A$2:$A$31,pathways!$B$2:$B$31) -> Amino acid metabolism | E82: Amino Acid | F82: Tyrosine Metabolism | I82: dopamine 4-sulfate | L82: Dopamine 4-sulfate levels | M82: GCST90200016 | N82: Amino Acid | P82: Tyrosine Metabolism | R82: Amino Acid
A83: metab_compid_15765 | B83: metabolon | C83: Ethylmalonate | D83: =_xlfn.XLOOKUP(E83,pathways!$A$2:$A$31,pathways!$B$2:$B$31) -> Amino acid metabolism | E83: Amino Acid | F83: Leucine, Isoleucine and Valine Metabolism | G83: ethylmalonate | I83: ethylmalonate | J83: ethylmalonate | L83: Ethylmalonate levels | M83: GCST90200705 | N83: Amino Acid | O83: Amino Acid | P83: Leucine, Isoleucine and Valine Metabolism | Q83: Leucine, Isoleucine and Valine Metabolism | R83: Amino Acid
A84: metab_compid_43493 | B84: metabolon | C84: Formiminoglutamate | D84: =_xlfn.XLOOKUP(E84,pathways!$A$2:$A$31,pathways!$B$2:$B$31) -> Amino acid metabolism | E84: Amino Acid | F84: Histidine Metabolism | G84: formiminoglutamate | I84: formiminoglutamate | L84: Formiminoglutamate levels | M84: GCST90199905 | N84: Amino Acid | P84: Histidine Metabolism | R84: Amino Acid
A85: metab_compid_46227 | B85: metabolon | C85: Fructosyllysine | D85: =_xlfn.XLOOKUP(E85,pathways!$A$2:$A$31,pathways!$B$2:$B$31) -> Amino acid metabolism | E85: Amino Acid | F85: Lysine Metabolism | I85: fructosyllysine | L85: Fructosyllysine levels | M85: GCST90199965 | N85: Amino Acid | P85: Lysine Metabolism | R85: Amino Acid
A86: metab_compid_18280 | B86: metabolon | C86: Gentisate | D86: =_xlfn.XLOOKUP(E86,pathways!$A$2:$A$31,pathways!$B$2:$B$31) -> Amino acid metabolism | E86: Amino Acid | F86: Tyrosine Metabolism | I86: gentisate | J86: gentisate | L86: Gentisate levels | M86: GCST90199646 | N86: Amino Acid | O86: Amino Acid | P86: Tyrosine Metabolism | Q86: Tyrosine Metabolism | R86: Amino Acid
A87: metab_compid_57 | B87: metabolon | C87: Glutamate | D87: =_xlfn.XLOOKUP(E87,pathways!$A$2:$A$31,pathways!$B$2:$B$31) -> Amino acid metabolism | E87: Amino Acid | F87: Glutamate Metabolism | I87: glutamate | J87: glutamate | L87: Glutamate levels | M87: GCST90200412 | N87: Amino Acid | O87: Amino Acid | P87: Glutamate Metabolism | Q87: Glutamate Metabolism | R87: Amino Acid
A88: metab_compid_33487 | B88: metabolon | C88: Glutamate, gamma-methyl ester | D88: =_xlfn.XLOOKUP(E88,pathways!$A$2:$A$31,pathways!$B$2:$B$31) -> Amino acid metabolism | E88: Amino Acid | F88: Glutamate Metabolism | J88: glutamate, gamma-methyl ester | O88: Amino Acid | Q88: Glutamate Metabolism
A89: metab_compid_53 | B89: metabolon | C89: Glutamine | D89: =_xlfn.XLOOKUP(E89,pathways!$A$2:$A$31,pathways!$B$2:$B$31) -> Amino acid metabolism | E89: Amino Acid | F89: Glutamate Metabolism | I89: glutamine | J89: glutamine | L89: Glutamine levels | M89: GCST90200419 | N89: Amino Acid | O89: Amino Acid | P89: Glutamate Metabolism | Q89: Glutamate Metabolism | R89: Amino Acid
A90: metab_compid_44664 | B90: metabolon | C90: Glutarylcarnitine (c5-dc) | D90: =_xlfn.XLOOKUP(E90,pathways!$A$2:$A$31,pathways!$B$2:$B$31) -> Amino acid metabolism | E90: Amino Acid | F90: Lysine Metabolism | I90: glutarylcarnitine (C5-DC) | J90: glutarylcarnitine (C5-DC) | L90: Glutarylcarnitine (c5-dc) levels | M90: GCST90199799 | N90: Amino Acid | O90: Amino Acid | P90: Lysine Metabolism | Q90: Lysine Metabolism | R90: Amino Acid
A91: metab_compid_58 | B91: metabolon | C91: Glycine | D91: =_xlfn.XLOOKUP(E91,pathways!$A$2:$A$31,pathways!$B$2:$B$31) -> Amino acid metabolism | E91: Amino Acid | F91: Glycine, Serine and Threonine Metabolism | I91: glycine | J91: glycine | L91: Glycine levels | M91: GCST90200707 | N91: Amino Acid | O91: Amino Acid | P91: Glycine, Serine and Threonine Metabolism | Q91: Glycine, Serine and Threonine Metabolism | R91: Amino Acid
A92: metab_compid_43802 | B92: metabolon | C92: Guanidinoacetate | D92: =_xlfn.XLOOKUP(E92,pathways!$A$2:$A$31,pathways!$B$2:$B$31) -> Amino acid metabolism | E92: Amino Acid | F92: Creatine Metabolism | I92: guanidinoacetate | J92: guanidinoacetate | L92: Guanidinoacetate levels | M92: GCST90200384 | N92: Amino Acid | O92: Amino Acid | P92: Creatine Metabolism | Q92: Creatine Metabolism | R92: Amino Acid
A93: metab_compid_32446 | B93: metabolon | C93: Guanidinosuccinate | D93: =_xlfn.XLOOKUP(E93,pathways!$A$2:$A$31,pathways!$B$2:$B$31) -> Amino acid metabolism | E93: Amino Acid | F93: Guanidino and Acetamido Metabolism | G93: guanidinosuccinate | I93: guanidinosuccinate | J93: guanidinosuccinate | N93: Amino Acid | O93: Amino Acid | P93: Guanidino and Acetamido Metabolism | Q93: Guanidino and Acetamido Metabolism
A94: metab_compid_59 | B94: metabolon | C94: Histidine | D94: =_xlfn.XLOOKUP(E94,pathways!$A$2:$A$31,pathways!$B$2:$B$31) -> Amino acid metabolism | E94: Amino Acid | F94: Histidine Metabolism | I94: histidine | J94: histidine | L94: Histidine levels | M94: GCST90200377 | N94: Amino Acid | O94: Amino Acid | P94: Histidine Metabolism | Q94: Histidine Metabolism | R94: Amino Acid | S94: Unknown
A95: metab_compid_22137 | B95: metabolon | C95: Homoarginine | D95: =_xlfn.XLOOKUP(E95,pathways!$A$2:$A$31,pathways!$B$2:$B$31) -> Amino acid metabolism | E95: Amino Acid | F95: Urea cycle; Arginine and Proline Metabolism | G95: homoarginine | I95: homoarginine | J95: homoarginine | L95: Homoarginine levels | M95: GCST90199675 | N95: Amino Acid | O95: Amino Acid | P95: Urea cycle; Arginine and Proline Metabolism | Q95: Urea cycle; Arginine and Proline Metabolism | R95: Amino Acid
A96: metab_compid_22138 | B96: metabolon | C96: Homocitrulline | D96: =_xlfn.XLOOKUP(E96,pathways!$A$2:$A$31,pathways!$B$2:$B$31) -> Amino acid metabolism | E96: Amino Acid | F96: Urea cycle; Arginine and Proline Metabolism | G96: homocitrulline | I96: homocitrulline | J96: homocitrulline | L96: Homocitrulline levels | M96: GCST90199682 | N96: Amino Acid | O96: Amino Acid | P96: Urea cycle; Arginine and Proline Metabolism | Q96: Urea cycle; Arginine and Proline Metabolism | R96: Amino Acid | S96: Food Component/Plant
A97: metab_compid_40473 | B97: metabolon | C97: Hydantoin-5-propionate | D97: =_xlfn.XLOOKUP(E97,pathways!$A$2:$A$31,pathways!$B$2:$B$31) -> Amino acid metabolism | E97: Amino Acid | F97: Histidine Metabolism | G97: hydantoin-5-propionate | I97: hydantoin-5-propionate | J97: hydantoin-5-propionic acid | L97: Hydantoin-5-propionate levels | M97: GCST90199902 | N97: Amino Acid | O97: Amino Acid | P97: Histidine Metabolism | Q97: Histidine Metabolism | R97: Amino Acid
A98: metab_compid_62959 | B98: metabolon | C98: Hydroxy-N6,N6,N6-trimethyllysine | D98: =_xlfn.XLOOKUP(E98,pathways!$A$2:$A$31,pathways!$B$2:$B$31) -> Amino acid metabolism | E98: Amino Acid | F98: Lysine Metabolism | G98: hydroxy-N6,N6,N6-trimethyllysine | I98: hydroxy-N6,N6,N6-trimethyllysine* | L98: Hydroxy-N6,N6,N6-trimethyllysine levels | M98: GCST90200240 | N98: Amino Acid | P98: Lysine Metabolism | R98: Amino Acid
A99: metab_compid_62060 | B99: metabolon | C99: Hydroxyasparagine | D99: =_xlfn.XLOOKUP(E99,pathways!$A$2:$A$31,pathways!$B$2:$B$31) -> Amino acid metabolism | E99: Amino Acid | F99: Alanine and Aspartate Metabolism | G99: hydroxyasparagine | I99: hydroxyasparagine** | J99: hydroxyasparagine** | L99: Hydroxyasparagine levels | M99: GCST90200168 | N99: Amino Acid | O99: Amino Acid | P99: Alanine and Aspartate Metabolism | Q99: Alanine and Aspartate Metabolism | R99: Amino Acid
A100: metab_compid_590 | B100: metabolon | C100: Hypotaurine | D100: =_xlfn.XLOOKUP(E100,pathways!$A$2:$A$31,pathways!$B$2:$B$31) -> Amino acid metabolism | E100: Amino Acid | F100: Methionine, Cysteine, SAM and Taurine Metabolism | I100: hypotaurine | J100: hypotaurine | L100: Hypotaurine levels | M100: GCST90200379 | N100: Amino Acid | O100: Amino Acid | P100: Methionine, Cysteine, SAM and Taurine Metabolism | Q100: Methionine, Cysteine, SAM and Taurine Metabolism | R100: Amino Acid
...

Sheet gwas_metab_name_map
A1: ukbb_std_name | B1: ukbb_raw_name | C1: outcome | D1: bbs_feature_id | E1: bbs_chemical_name | F1: bbs_pathway | G1: bbs_sub_pathway | H1: unsure | I1: comment
A2: 3_hydroxybutyrate | B2: 3-Hydroxybutyrate | C2: 3-Hydroxybutyrate levels | D2: metab_bohbutyrate | E2: 3-Hydroxybutyrate | F2: Ketone bodies | G2: Ketone bodies
A3: acetate | B3: Acetate | C3: Acetate levels | D3: metab_acetate | E3: Acetate | F3: Ketone bodies | G3: Ketone bodies
A4: acetoacetate | B4: Acetoacetate | C4: Acetoacetate levels | D4: metab_acetoacetate | E4: Acetoacetate | F4: Ketone bodies | G4: Ketone bodies
A5: acetone | B5: Acetone | C5: Acetone levels | D5: metab_acetone | E5: Acetone | F5: Ketone bodies | G5: Ketone bodies
A6: alanine | B6: Alanine | C6: Alanine levels | D6: metab_ala | E6: Alanine | F6: Amino acids | G6: Amino acids
A7: albumin | B7: Albumin | C7: Albumin levels | D7: metab_albumin | E7: Albumin | F7: Fluid balance | G7: Fluid balance
A8: apolipoprotein_a1 | B8: Apolipoprotein A1 | C8: Apolipoprotein A-I levels | D8: metab_apoa1 | E8: Apolipoprotein A-I | F8: Apolipoproteins | G8: Apolipoproteins
A9: apolipoprotein_b | B9: Apolipoprotein B | C9: Apolipoprotein B levels | D9: metab_apob | E9: Apolipoprotein B | F9: Apolipoproteins | G9: Apolipoproteins
A10: apolipoprotein_b_to_apolipoprotein_a1_ratio | B10: Apolipoprotein B to Apolipoprotein A1 ratio | C10: Ratio of apolipoprotein B to apolipoprotein A1 levels | D10: metab_apobapoa1 | E10: Apolipoprotein B/A-I | F10: Apolipoproteins | G10: Apolipoproteins
A11: average_diameter_for_hdl_particles | B11: Average Diameter for HDL Particles | C11: Mean diameter of HDL particles | D11: metab_hdlsize | E11: Average diameter for HDL particles | F11: Lipoprotein particle sizes | G11: Lipoprotein particle sizes
A12: average_diameter_for_ldl_particles | B12: Average Diameter for LDL Particles | C12: Mean diameter of LDL particles | D12: metab_ldlsize | E12: Average diameter for LDL particles | F12: Lipoprotein particle sizes | G12: Lipoprotein particle sizes
A13: average_diameter_for_vldl_particles | B13: Average Diameter for VLDL Particles | C13: Mean diameter of VLDL particles | D13: metab_vldlsize | E13: Average diameter for VLDL particles | F13: Lipoprotein particle sizes | G13: Lipoprotein particle sizes
... A42: cholesteryl_esters_in_chylomicrons_and_extremely_large_vldl | B42: Cholesteryl Esters in Chylomicrons and Extremely Large VLDL | C42: Cholesteryl ester levels in chylomicrons and extremely large VLDL | D42: metab_xxlvldlce | E42: Cholesterol esters | F42: Lipoprotein subclasses | G42: Extremely large VLDL
A43: cholesteryl_esters_in_hdl | B43: Cholesteryl Esters in HDL | D43: metab_hdlce | E43: Cholesteryl esters in HDL | F43: Cholesteryl esters | G43: Cholesteryl esters
A44: cholesteryl_esters_in_idl | B44: Cholesteryl Esters in IDL | C44: Cholesterol esters in IDL | D44: metab_idlce | E44: Cholesterol esters | F44: Lipoprotein subclasses | G44: IDL
A45: cholesteryl_esters_in_large_hdl | B45: Cholesteryl Esters in Large HDL | C45: Cholesterol esters in large HDL | D45: metab_lhdlce | E45: Cholesterol esters | F45: Lipoprotein subclasses | G45: Large HDL
A46: cholesteryl_esters_in_large_ldl | B46: Cholesteryl Esters in Large LDL | C46: Cholesterol esters in large LDL | D46: metab_lldlce | E46: Cholesterol esters | F46: Lipoprotein subclasses | G46: Large LDL
A47: cholesteryl_esters_in_large_vldl | B47: Cholesteryl Esters in Large VLDL | C47: Cholesterol esters in large VLDL | D47: metab_lvldlce | E47: Cholesterol esters | F47: Lipoprotein subclasses | G47: Large VLDL
A48: cholesteryl_esters_in_ldl | B48: Cholesteryl Esters in LDL | D48: metab_ldlce | E48: Cholesteryl esters in LDL | F48: Cholesteryl esters | G48: Cholesteryl esters
A49: cholesteryl_esters_in_medium_hdl | B49: Cholesteryl Esters in Medium HDL | C49: Cholesterol esters in medium HDL | D49: metab_mhdlce | E49: Cholesterol esters | F49: Lipoprotein subclasses | G49: Medium HDL
A50: cholesteryl_esters_in_medium_ldl | B50: Cholesteryl Esters in Medium LDL | C50: Cholesterol esters in medium LDL | D50: metab_mldlce | E50: Cholesterol esters | F50: Lipoprotein subclasses | G50: Medium LDL
A51: cholesteryl_esters_in_medium_vldl | B51: Cholesteryl Esters in Medium VLDL | C51: Cholesterol esters in medium VLDL | D51: metab_mvldlce | E51: Cholesterol esters | F51: Lipoprotein subclasses | G51: Medium VLDL
A52: cholesteryl_esters_in_small_hdl | B52: Cholesteryl Esters in Small HDL | C52: Cholesterol esters in small HDL | D52: metab_shdlce | E52: Cholesterol esters | F52: Lipoprotein subclasses | G52: Small HDL
A53: cholesteryl_esters_in_small_ldl | B53: Cholesteryl Esters in Small LDL | C53: Cholesterol esters in small LDL | D53: metab_sldlce | E53: Cholesterol esters | F53: Lipoprotein subclasses | G53: Small LDL
A54: cholesteryl_esters_in_small_vldl | B54: Cholesteryl Esters in Small VLDL | C54: Cholesterol esters in small VLDL | D54: metab_svldlce | E54: Cholesterol esters | F54: Lipoprotein subclasses | G54: Small VLDL
A55: cholesteryl_esters_in_very_large_hdl | B55: Cholesteryl Esters in Very Large HDL | C55: Cholesterol esters in very large HDL | D55: metab_xlhdlce | E55: Cholesterol esters | F55: Lipoprotein subclasses | G55: Very large HDL
A56: cholesteryl_esters_in_very_large_vldl | B56: Cholesteryl Esters in Very Large VLDL | C56: Cholesterol esters in very large VLDL | D56: metab_xlvldlce | E56: Cholesterol esters | F56: Lipoprotein subclasses | G56: Very large VLDL
A57: cholesteryl_esters_in_very_small_vldl | B57: Cholesteryl Esters in Very Small VLDL | C57: Cholesterol esters in very small VLDL | D57: metab_xsvldlce | E57: Cholesterol esters | F57: Lipoprotein subclasses | G57: Very Small VLDL
A58: cholesteryl_esters_in_vldl | B58: Cholesteryl Esters in VLDL | D58: metab_vldlce | E58: Cholesteryl esters in VLDL | F58: Cholesteryl esters | G58: Cholesteryl esters
A59: cholesteryl_esters_to_total_lipids_in_chylomicrons_and_extremely_large_vldl_percentage | B59: Cholesteryl Esters to Total Lipids in Chylomicrons and Extremely Large VLDL percentage | C59: Cholesteryl esters to total lipids ratio in chylomicrons and extremely large VLDL | D59: metab_xxlvldlcepct | E59: Ratio | F59: Lipoprotein subclasses ratios | G59: Extremely large VLDL ratios
A60: cholesteryl_esters_to_total_lipids_in_idl_percentage | B60: Cholesteryl Esters to Total Lipids in IDL percentage | C60: Cholesteryl esters to total lipids ratio in IDL | D60: metab_idlcepct | E60: Ratio | F60: Lipoprotein subclasses ratios | G60: IDL ratios
A61: cholesteryl_esters_to_total_lipids_in_large_hdl_percentage | B61: Cholesteryl Esters to Total Lipids in Large HDL percentage | C61: Cholesteryl esters to total lipids ratio in large HDL | D61: metab_lhdlcepct | E61: Ratio | F61: Lipoprotein subclasses ratios | G61: Large HDL ratios
A62: cholesteryl_esters_to_total_lipids_in_large_ldl_percentage | B62: Cholesteryl Esters to Total Lipids in Large LDL percentage | C62: Cholesteryl esters to total lipids ratio in large LDL | D62: metab_lldlcepct | E62: Ratio | F62: Lipoprotein subclasses ratios | G62: Large LDL ratios
A63: cholesteryl_esters_to_total_lipids_in_large_vldl_percentage | B63: Cholesteryl Esters to Total Lipids in Large VLDL percentage | C63: Cholesteryl esters to total lipids ratio in large VLDL | D63: metab_lvldlcepct | E63: Ratio | F63: Lipoprotein subclasses ratios | G63: Large VLDL ratios
A64: cholesteryl_esters_to_total_lipids_in_medium_hdl_percentage | B64: Cholesteryl Esters to Total Lipids in Medium HDL percentage | C64: Cholesteryl esters to total lipids ratio in medium HDL | D64: metab_mhdlcepct | E64: Ratio | F64: Lipoprotein subclasses ratios | G64: Medium HDL ratios
A65: cholesteryl_esters_to_total_lipids_in_medium_ldl_percentage | B65: Cholesteryl Esters to Total Lipids in Medium LDL percentage | C65: Cholesteryl esters to total lipids ratio in medium LDL | D65: metab_mldlcepct | E65: Ratio | F65: Lipoprotein subclasses ratios | G65: Medium LDL ratios
A66: cholesteryl_esters_to_total_lipids_in_medium_vldl_percentage | B66: Cholesteryl Esters to Total Lipids in Medium VLDL percentage | C66: Cholesteryl esters to total lipids ratio in medium VLDL | D66: metab_mvldlcepct | E66: Ratio | F66: Lipoprotein subclasses ratios | G66: Medium VLDL ratios
A67: cholesteryl_esters_to_total_lipids_in_small_hdl_percentage | B67: Cholesteryl Esters to Total Lipids in Small HDL percentage | C67: Cholesteryl esters to total lipids ratio in small HDL | D67: metab_shdlcepct | E67: Ratio | F67: Lipoprotein subclasses ratios | G67: Small HDL ratios
A68: cholesteryl_esters_to_total_lipids_in_small_ldl_percentage | B68: Cholesteryl Esters to Total Lipids in Small LDL percentage | C68: Cholesteryl esters to total lipids ratio in small LDL | D68: metab_sldlcepct | E68: Ratio | F68: Lipoprotein subclasses ratios | G68: Small LDL ratios
A69: cholesteryl_esters_to_total_lipids_in_small_vldl_percentage | B69: Cholesteryl Esters to Total Lipids in Small VLDL percentage | C69: Cholesteryl esters to total lipids ratio in small VLDL | D69: metab_svldlcepct | E69: Ratio | F69: Lipoprotein subclasses ratios | G69: Small VLDL ratios
A70: cholesteryl_esters_to_total_lipids_in_very_large_hdl_percentage | B70: Cholesteryl Esters to Total Lipids in Very Large HDL percentage | C70: Cholesteryl esters to total lipids ratio in very large HDL | D70: metab_xlhdlcepct | E70: Ratio | F70: Lipoprotein subclasses ratios | G70: Very large HDL ratios
... A73: citrate | B73: Citrate | C73: Citrate levels | D73: metab_citrate | E73: Citrate | F73: Glycolysis related metabolites | G73: Glycolysis related metabolites
A74: clinical_ldl_cholesterol | B74: Clinical LDL Cholesterol | D74: metab_clinicalldlc | E74: Clinical LDL cholesterol | F74: Cholesterol | G74: Cholesterol
A75: concentration_of_chylomicrons_and_extremely_large_vldl_particles | B75: Concentration of Chylomicrons and Extremely Large VLDL Particles | C75: Concentration of chylomicrons and extremely large VLDL particles | D75: metab_xxlvldlp | E75: Particle concentration | F75: Lipoprotein subclasses | G75: Extremely large VLDL
A76: concentration_of_hdl_particles | B76: Concentration of HDL Particles | D76: metab_hdlp | E76: Concentration of HDL particles | F76: Lipoprotein particle concentrations | G76: Lipoprotein particle concentrations
A77: concentration_of_idl_particles | B77: Concentration of IDL Particles | C77: Concentration of IDL particles | D77: metab_idlp | E77: Particle concentration | F77: Lipoprotein subclasses | G77: IDL
A78: concentration_of_large_hdl_particles | B78: Concentration of Large HDL Particles | C78: Concentration of large HDL particles | D78: metab_lhdlp | E78: Particle concentration | F78: Lipoprotein subclasses | G78: Large HDL
A79: concentration_of_large_ldl_particles | B79: Concentration of Large LDL Particles | C79: Concentration of large LDL particles | D79: metab_lldlp | E79: Particle concentration | F79: Lipoprotein subclasses | G79: Large LDL
A80: concentration_of_large_vldl_particles | B80: Concentration of Large VLDL Particles | C80: Concentration of large VLDL particles | D80: metab_lvldlp | E80: Particle concentration | F80: Lipoprotein subclasses | G80: Large VLDL
A81: concentration_of_ldl_particles | B81: Concentration of LDL Particles | D81: metab_ldlp | E81: Concentration of LDL particles | F81: Lipoprotein particle concentrations | G81: Lipoprotein particle concentrations
A82: concentration_of_medium_hdl_particles | B82: Concentration of Medium HDL Particles | C82: Concentration of medium HDL particles | D82: metab_mhdlp | E82: Particle concentration | F82: Lipoprotein subclasses | G82: Medium HDL
A83: concentration_of_medium_ldl_particles | B83: Concentration of Medium LDL Particles | C83: Concentration of medium LDL particles | D83: metab_mldlp | E83: Particle concentration | F83: Lipoprotein subclasses | G83: Medium LDL
A84: concentration_of_medium_vldl_particles | B84: Concentration of Medium VLDL Particles | C84: Concentration of medium VLDL particles | D84: metab_mvldlp | E84: Particle concentration | F84: Lipoprotein subclasses | G84: Medium VLDL
A85: concentration_of_small_hdl_particles | B85: Concentration of Small HDL Particles | C85: Concentration of small HDL particles | D85: metab_shdlp | E85: Particle concentration | F85: Lipoprotein subclasses | G85: Small HDL
A86: concentration_of_small_ldl_particles | B86: Concentration of Small LDL Particles | C86: Concentration of small LDL particles | D86: metab_sldlp | E86: Particle concentration | F86: Lipoprotein subclasses | G86: Small LDL
A87: concentration_of_small_vldl_particles | B87: Concentration of Small VLDL Particles | C87: Concentration of small VLDL particles | D87: metab_svldlp | E87: Particle concentration | F87: Lipoprotein subclasses | G87: Small VLDL
A88: concentration_of_very_large_hdl_particles | B88: Concentration of Very Large HDL Particles | C88: Concentration of very large HDL particles | D88: metab_xlhdlp | E88: Particle concentration | F88: Lipoprotein subclasses | G88: Very large HDL
A89: concentration_of_very_large_vldl_particles | B89: Concentration of Very Large VLDL Particles | C89: Concentration of very large VLDL particles | D89: metab_xlvldlp | E89: Particle concentration | F89: Lipoprotein subclasses | G89: Very large VLDL
A90: concentration_of_very_small_vldl_particles | B90: Concentration of Very Small VLDL Particles | C90: Concentration of very small VLDL particles | D90: metab_xsvldlp | E90: Particle concentration | F90: Lipoprotein subclasses | G90: Very Small VLDL
A91: concentration_of_vldl_particles | B91: Concentration of VLDL Particles | D91: metab_vldlp | E91: Concentration of VLDL particles | F91: Lipoprotein particle concentrations | G91: Lipoprotein particle concentrations
A92: creatinine | B92: Creatinine | C92: Creatinine levels | D92: metab_creatinine | E92: Creatinine | F92: Fluid balance | G92: Fluid balance
A93: degree_of_unsaturation | B93: Degree of Unsaturation | C93: Estimated degree of unsaturation | D93: metab_unsaturation | E93: Degree of unsaturation | F93: Fatty acids | G93: Fatty acids
A94: docosahexaenoic_acid | B94: Docosahexaenoic Acid | C94: Docosahexaenoic acid (22:6) levels | D94: metab_dha | E94: Docosahexaenoic acid | F94: Fatty acids | G94: Fatty acids
A95: docosahexaenoic_acid_to_total_fatty_acids_percentage | B95: Docosahexaenoic Acid to Total Fatty Acids percentage | C95: Ratio of 22:6 docosahexaenoic acid to total fatty acids | D95: metab_dhapct | E95: Ratio of docosahexaenoic acid to total fatty acids | F95: Fatty acids | G95: Fatty acid ratios
A96: free_cholesterol_in_chylomicrons_and_extremely_large_vldl | B96: Free Cholesterol in Chylomicrons and Extremely Large VLDL | C96: Free cholesterol levels in chylomicrons and extremely large VLDL | D96: metab_xxlvldlfc | E96: Free cholesterol | F96: Lipoprotein subclasses | G96: Extremely large VLDL
A97: free_cholesterol_in_hdl | B97: Free Cholesterol in HDL | D97: metab_hdlfc | E97: Free cholesterol in HDL | F97: Free cholesterol | G97: Free cholesterol
A98: free_cholesterol_in_idl | B98: Free Cholesterol in IDL | C98: Free cholesterol in IDL | D98: metab_idlfc | E98: Free cholesterol | F98: Lipoprotein subclasses | G98: IDL
A99: free_cholesterol_in_large_hdl | B99: Free Cholesterol in Large HDL | C99: Free cholesterol in large HDL | D99: metab_lhdlfc | E99: Free cholesterol | F99: Lipoprotein subclasses | G99: Large HDL
A100: free_cholesterol_in_large_ldl | B100: Free Cholesterol in Large LDL | C100: Free cholesterol in large LDL | D100: metab_lldlfc | E100: Free cholesterol | F100: Lipoprotein subclasses | G100: Large LDL
A101: free_cholesterol_in_large_vldl | B101: Free Cholesterol in Large VLDL | C101: Free cholesterol in large VLDL | D101: metab_lvldlfc | E101: Free cholesterol | F101: Lipoprotein subclasses | G101: Large VLDL
A102: free_cholesterol_in_ldl | B102: Free Cholesterol in LDL | D102: metab_ldlfc | E102: Free cholesterol in LDL | F102: Free cholesterol | G102: Free cholesterol
A103: free_cholesterol_in_medium_hdl | B103: Free Cholesterol in Medium HDL | C103: Free cholesterol in medium HDL | D103: metab_mhdlfc | E103: Free cholesterol | F103: Lipoprotein subclasses | G103: Medium HDL
A104: free_cholesterol_in_medium_ldl | B104: Free Cholesterol in Medium LDL | C104: Free cholesterol in medium LDL | D104: metab_mldlfc | E104: Free cholesterol | F104: Lipoprotein subclasses | G104: Medium LDL
A105: free_cholesterol_in_medium_vldl | B105: Free Cholesterol in Medium VLDL | C105: Free cholesterol in medium VLDL | D105: metab_mvldlfc | E105: Free cholesterol | F105: Lipoprotein subclasses | G105: Medium VLDL
A106: free_cholesterol_in_small_hdl | B106: Free Cholesterol in Small HDL | C106: Free cholesterol in small HDL | D106: metab_shdlfc | E106: Free cholesterol | F106: Lipoprotein subclasses | G106: Small HDL
A107: free_cholesterol_in_small_ldl | B107: Free Cholesterol in Small LDL | C107: Free cholesterol in small LDL | D107: metab_sldlfc | E107: Free cholesterol | F107: Lipoprotein subclasses | G107: Small LDL
A108: free_cholesterol_in_small_vldl | B108: Free Cholesterol in Small VLDL | C108: Free cholesterol in small VLDL | D108: metab_svldlfc | E108: Free cholesterol | F108: Lipoprotein subclasses | G108: Small VLDL
A109: free_cholesterol_in_very_large_hdl | B109: Free Cholesterol in Very Large HDL | C109: Free cholesterol in very large HDL | D109: metab_xlhdlfc | E109: Free cholesterol | F109: Lipoprotein subclasses | G109: Very large HDL
A110: free_cholesterol_in_very_large_vldl | B110: Free Cholesterol in Very Large VLDL | C110: Free cholesterol in very large VLDL | D110: metab_xlvldlfc | E110: Free cholesterol | F110: Lipoprotein subclasses | G110: Very large VLDL
A111: free_cholesterol_in_very_small_vldl | B111: Free Cholesterol in Very Small VLDL | C111: Free cholesterol in very small VLDL | D111: metab_xsvldlfc | E111: Free cholesterol | F111: Lipoprotein subclasses | G111: Very Small VLDL
A112: free_cholesterol_in_vldl | B112: Free Cholesterol in VLDL | D112: metab_vldlfc | E112: Free cholesterol in VLDL | F112: Free cholesterol | G112: Free cholesterol
A113: free_cholesterol_to_total_lipids_in_chylomicrons_and_extremely_large_vldl_percentage | B113: Free Cholesterol to Total Lipids in Chylomicrons and Extremely Large VLDL percentage | C113: Free cholesterol to total lipids ratio in chylomicrons and extremely large VLDL | D113: metab_xxlvldlfcpct | E113: Ratio | F113: Lipoprotein subclasses ratios | G113: Extremely large VLDL ratios
A114: free_cholesterol_to_total_lipids_in_idl_percentage | B114: Free Cholesterol to Total Lipids in IDL percentage | C114: Free cholesterol to total lipids ratio in IDL | D114: metab_idlfcpct | E114: Ratio | F114: Lipoprotein subclasses ratios | G114: IDL ratios
A115: free_cholesterol_to_total_lipids_in_large_hdl_percentage | B115: Free Cholesterol to Total Lipids in Large HDL percentage | C115: Free cholesterol to total lipids ratio in large HDL | D115: metab_lhdlfcpct | E115: Ratio | F115: Lipoprotein subclasses ratios | G115: Large HDL ratios
A116: free_cholesterol_to_total_lipids_in_large_ldl_percentage | B116: Free Cholesterol to Total Lipids in Large LDL percentage | C116: Free cholesterol to total lipids ratio in large LDL | D116: metab_lldlfcpct | E116: Ratio | F116: Lipoprotein subclasses ratios | G116: Large LDL ratios
A117: free_cholesterol_to_total_lipids_in_large_vldl_percentage | B117: Free Cholesterol to Total Lipids in Large VLDL percentage | C117: Free cholesterol to total lipids ratio in large VLDL | D117: metab_lvldlfcpct | E117: Ratio | F117: Lipoprotein subclasses ratios | G117: Large VLDL ratios
A118: free_cholesterol_to_total_lipids_in_medium_hdl_percentage | B118: Free Cholesterol to Total Lipids in Medium HDL percentage | C118: Free cholesterol to total lipids ratio in medium HDL | D118: metab_mhdlfcpct | E118: Ratio | F118: Lipoprotein subclasses ratios | G118: Medium HDL ratios
A119: free_cholesterol_to_total_lipids_in_medium_ldl_percentage | B119: Free Cholesterol to Total Lipids in Medium LDL percentage | C119: Free cholesterol to total lipids ratio in medium LDL | D119: metab_mldlfcpct | E119: Ratio | F119: Lipoprotein subclasses ratios | G119: Medium LDL ratios
A120: free_cholesterol_to_total_lipids_in_medium_vldl_percentage | B120: Free Cholesterol to Total Lipids in Medium VLDL percentage | C120: Free cholesterol to total lipids ratio in medium VLDL | D120: metab_mvldlfcpct | E120: Ratio | F120: Lipoprotein subclasses ratios | G120: Medium VLDL ratios
A121: free_cholesterol_to_total_lipids_in_small_hdl_percentage | B121: Free Cholesterol to Total Lipids in Small HDL percentage | C121: Free cholesterol to total lipids ratio in small HDL | D121: metab_shdlfcpct | E121: Ratio | F121: Lipoprotein subclasses ratios | G121: Small HDL ratios
A122: free_cholesterol_to_total_lipids_in_small_ldl_percentage | B122: Free Cholesterol to Total Lipids in Small LDL percentage | C122: Free cholesterol to total lipids ratio in small LDL | D122: metab_sldlfcpct | E122: Ratio | F122: Lipoprotein subclasses ratios | G122: Small LDL ratios
A123: free_cholesterol_to_total_lipids_in_small_vldl_percentage | B123: Free Cholesterol to Total Lipids in Small VLDL percentage | C123: Free cholesterol to total lipids ratio in small VLDL | D123: metab_svldlfcpct | E123: Ratio | F123: Lipoprotein subclasses ratios | G123: Small VLDL ratios
A124: free_cholesterol_to_total_lipids_in_very_large_hdl_percentage | B124: Free Cholesterol to Total Lipids in Very Large HDL percentage | C124: Free cholesterol to total lipids ratio in very large HDL | D124: metab_xlhdlfcpct | E124: Ratio | F124: Lipoprotein subclasses ratios | G124: Very large HDL ratios
... A130: glycoprotein_acetyls | B130: Glycoprotein Acetyls | C130: Glycoprotein acetylation | D130: metab_glyca | E130: Glycoprotein acetyls | F130: Inflammation | G130: Inflammation
A131: hdl_cholesterol | B131: HDL Cholesterol | D131: metab_hdlc | E131: HDL C | F131: Cholesterol | G131: Cholesterol
A132: histidine | B132: Histidine | C132: Histidine levels | D132: metab_his | E132: Histidine | F132: Amino acids | G132: Amino acids
A133: isoleucine | B133: Isoleucine | C133: Isoleucine levels | D133: metab_ile | E133: Isoleucine | F133: Amino acids | G133: Branched-chain amino acids
A134: lactate | B134: Lactate | C134: Lactate levels | D134: metab_lactate | E134: Lactate | F134: Glycolysis related metabolites | G134: Glycolysis related metabolites
A135: ldl_cholesterol | B135: LDL Cholesterol | D135: metab_ldlc | E135: LDL C | F135: Cholesterol | G135: Cholesterol
...

Sheet bbs_metabolon
A1: id | B1: CHEM_ID | C1: LIB_ID | D1: COMP_ID | E1: CHRO_LIB_ENTRY_ID | F1: SUPER_PATHWAY | G1: SUB_PATHWAY | H1: PATHWAY_SORTORDER | I1: TYPE | J1: INCHIKEY | K1: SMILES | L1: CHEMICAL_NAME | M1: PLOT_NAME | N1: CAS | O1: CHEMSPIDER | P1: HMDB | Q1: KEGG | R1: PUBCHEM | S1: PLATFORM
A2: =_xlfn.CONCAT("metab_compid_", $D2) -> metab_compid_38768 | B2: 100002945 | C2: 209 | D2: 38768 | E2: 143701 | F2: Lipid | G2: Fatty Acid, Branched | H2: 1660 | I2: NAMED | J2: IIUXHTGBZYEGHI-UHFFFAOYSA-N | K2: CC(CCCCCCCCCCCCCC(O)=O)C | L2: (14 or 15)-methylpalmitate (a17:0 or i17:0) | M2: (14 or 15)-methylpalmitate (a17:0 or i17:0) | P2: HMDB0061859 | Q2: C16995 | R2: 8181,17903417 | S2: Neg
A3: =_xlfn.CONCAT("metab_compid_", $D3) -> metab_compid_38296 | B3: 100002356 | C3: 209 | D3: 38296 | E3: 141846 | F3: Lipid | G3: Fatty Acid, Branched | H3: 1666 | I3: NAMED | J3: YETXGSGCWODRAA-UHFFFAOYSA-N | K3: OC(CCCCCCCCCCCCCCCC(C)C)=O | L3: (16 or 17)-methylstearate (a19:0 or i19:0) | M3: (16 or 17)-methylstearate (a19:0 or i19:0) | N3: 2724-59-6 | O3: 2340933 | P3: HMDB0037397 | R3: 3083779 | S3: Neg
A4: =_xlfn.CONCAT("metab_compid_", $D4) -> metab_compid_63436 | B4: 100021502 | C4: 209 | D4: 63436 | E4: 222605 | F4: Lipid | G4: Medium Chain Fatty Acid | H4: 1516 | I4: NAMED | J4: WXBXVVIUZANZAU-CMDGGOBGSA-N | K4: CCCCCCC/C=C/C(O)=O | L4: (2 or 3)-decenoate (10:1n7 or n8) | M4: (2 or 3)-decenoate (10:1n7 or n8) | S4: Neg
A5: =_xlfn.CONCAT("metab_compid_", $D5) -> metab_compid_62533 | B5: 100020519 | C5: 209 | D5: 62533 | E5: 219867 | F5: Xenobiotics | G5: Food Component/Plant | H5: 5225 | I5: NAMED | J5: CLCCTVXAPVYLKM-UHFFFAOYSA-N | K5: CC1=CC=C(C)C(OS(=O)(O)=O)=C1 | L5: (2,4 or 2,5)-dimethylphenol sulfate | M5: (2,4 or 2,5)-dimethylphenol sulfate | S5: Neg
A6: =_xlfn.CONCAT("metab_compid_", $D6) -> metab_compid_57814 | B6: 100016038 | C6: 400 | D6: 57814 | E6: 213597 | F6: Amino Acid | G6: Polyamine Metabolism | H6: 558 | I6: NAMED | J6: MQTAVJHICJWXBR-UHFFFAOYSA-N | K6: CC(NCCCNCCCCN)=O | L6: (N(1) + N(8))-acetylspermidine | M6: (N(1) + N(8))-acetylspermidine | P6: HMDB0002189,HMDB0001276 | Q6: C01029,C00612 | R6: 496,123689 | S6: Pos Early
A7: =_xlfn.CONCAT("metab_compid_", $D7) -> metab_compid_43264 | B7: 100003926 | C7: 400 | D7: 43264 | E7: 156990 | F7: Lipid | G7: Fatty Acid Metabolism (Acyl Carnitine, Hydroxy) | H7: 1937 | I7: NAMED | J7: UEFRDQSMQXDWTO-UHFFFAOYSA-N | K7: CC(CC(OC(C[N+](C)(C)C)CC([O-])=O)=O)O | L7: (R)-3-hydroxybutyrylcarnitine | M7: (R)-3-hydroxybutyrylcarnitine | P7: HMDB0013127 | R7: 53481617 | S7: Pos Early
A8: =_xlfn.CONCAT("metab_compid_", $D8) -> metab_compid_52984 | B8: 100009271 | C8: 400 | D8: 52984 | E8: 166220 | F8: Lipid | G8: Fatty Acid Metabolism (Acyl Carnitine, Hydroxy) | H8: 1938 | I8: NAMED | J8: UEFRDQSMQXDWTO-UHFFFAOYSA-N | K8: CC(O)CC(OC(C[N+](C)(C)C)CC([O-])=O)=O | L8: (S)-3-hydroxybutyrylcarnitine | M8: (S)-3-hydroxybutyrylcarnitine | P8: HMDB0013127 | R8: 71464477 | S8: Pos Early
A9: =_xlfn.CONCAT("metab_compid_", $D9) -> metab_compid_44621 | B9: 100005372 | C9: 402 | D9: 44621 | E9: 163990 | F9: Lipid | G9: Lysoplasmalogen | H9: 2855 | I9: NAMED | J9: URGVIWXYPWWBQO-ZCJATDNESA-N | K9: O=P(OCC[NH3+])([O-])OC[C@H](O)CO/C=C/CCCCCC/C=C/CCCCCCCC | L9: 1-(1-enyl-oleoyl)-GPE (P-18:1)* | M9: 1-(1-enyl-oleoyl)-GPE (P-18:1)* | S9: Pos Late
A10: =_xlfn.CONCAT("metab_compid_", $D10) -> metab_compid_52689 | B10: 100009014 | C10: 402 | D10: 52689 | E10: 165459 | F10: Lipid | G10: Plasmalogen | H10: 2831 | I10: NAMED | J10: IOYKZPNDXIIXLN-LOQSCQKMSA-N | K10: [H][C@](OC(CCC/C=C\C/C=C\C/C=C\C/C=C\CCCCC)=O)(COP(OCC[N+](C)(C)C)([O-])=O)CO/C=C\CCCCCCCCCCCCCC | L10: 1-(1-enyl-palmitoyl)-2-arachidonoyl-GPC (P-16:0/20:4)* | M10: 1-(1-enyl-palmitoyl)-2-arachidonoyl-GPC (P-16:0/20:4)* | O10: 24767495 | P10: HMDB0011220 | S10: Pos Late
A11: =_xlfn.CONCAT("metab_compid_", $D11) -> metab_compid_52673 | B11: 100009002 | C11: 402 | D11: 52673 | E11: 165435 | F11: Lipid | G11: Plasmalogen | H11: 2822 | I11: NAMED | J11: UUYSKERSKRMYME-MAIXUNBTSA-N | K11: [H][C@](OC(CCC/C=C\C/C=C\C/C=C\C/C=C\CCCCC)=O)(COP(OCCN)(O)=O)CO/C=C\CCCCCCCCCCCCCC | L11: 1-(1-enyl-palmitoyl)-2-arachidonoyl-GPE (P-16:0/20:4)* | M11: 1-(1-enyl-palmitoyl)-2-arachidonoyl-GPE (P-16:0/20:4)* | O11: 24769238 | P11: HMDB0011352 | R11: 52925126 | S11: Pos Late
A12: =_xlfn.CONCAT("metab_compid_", $D12) -> metab_compid_52682 | B12: 100009009 | C12: 402 | D12: 52682 | E12: 165449 | F12: Lipid | G12: Plasmalogen | H12: 2832 | I12: NAMED | J12: QLEHHUPUHJPURI-PWYDUFMYSA-N | K12: [H][C@](OC(CCCCCCC/C=C\C/C=C\CCCCC)=O)(COP(OCC[N+](C)(C)C)([O-])=O)CO/C=C\CCCCCCCCCCCCCC | L12: 1-(1-enyl-palmitoyl)-2-linoleoyl-GPC (P-16:0/18:2)* | M12: 1-(1-enyl-palmitoyl)-2-linoleoyl-GPC (P-16:0/18:2)* | O12: 24767486 | P12: HMDB0011211 | R12: 24779386 | S12: Pos Late
A13: =_xlfn.CONCAT("metab_compid_", $D13) -> metab_compid_52677 | B13: 100009069 | C13: 402 | D13: 52677 | E13: 165443 | F13: Lipid | G13: Plasmalogen | H13: 2819 | I13: NAMED | J13: LJVXDBWIBQQKFU-CCJYEBHUSA-N | K13: [H][C@](OC(CCCCCCC/C=C\C/C=C\CCCCC)=O)(COP(OCCN)(O)=O)CO/C=C\CCCCCCCCCCCCCC | L13: 1-(1-enyl-palmitoyl)-2-linoleoyl-GPE (P-16:0/18:2)* | M13: 1-(1-enyl-palmitoyl)-2-linoleoyl-GPE (P-16:0/18:2)* | O13: 24769229 | P13: HMDB0011343 | R13: 52925127 | S13: Pos Late
A14: =_xlfn.CONCAT("metab_compid_", $D14) -> metab_compid_52478 | B14: 100009007 | C14: 402 | D14: 52478 | E14: 165160 | F14: Lipid | G14: Plasmalogen | H14: 2824 | I14: NAMED | J14: CRBBMHQTIAELIS-KQBBALDBSA-N | K14: [H][C@](OC(CCCCCCC/C=C\CCCCCCCC)=O)(CO[P-](OCC[N+](C)(C)C)([O])=O)CO/C=C\CCCCCCCCCCCCCC | L14: 1-(1-enyl-palmitoyl)-2-oleoyl-GPC (P-16:0/18:1)* | M14: 1-(1-enyl-palmitoyl)-2-oleoyl-GPC (P-16:0/18:1)* | P14: HMDB0007996 | R14: 34779384 | S14: Pos Late
A15: =_xlfn.CONCAT("metab_compid_", $D15) -> metab_compid_52477 | B15: 100009005 | C15: 402 | D15: 52477 | E15: 165158 | F15: Lipid | G15: Plasmalogen | H15: 2818 | I15: NAMED | J15: ZVVYJAAMWXATNY-PRWZWGSOSA-N | K15: [H][C@](OC(CCCCCCC/C=C\CCCCCCCC)=O)(COP(OCCN)(O)=O)CO/C=C\CCCCCCCCCCCCCC | L15: 1-(1-enyl-palmitoyl)-2-oleoyl-GPE (P-16:0/18:1)* | M15: 1-(1-enyl-palmitoyl)-2-oleoyl-GPE (P-16:0/18:1)* | O15: 24769228 | P15: HMDB0011342 | R15: 52925128 | S15: Pos Late
A16: =_xlfn.CONCAT("metab_compid_", $D16) -> metab_compid_52713 | B16: 100009160 | C16: 402 | D16: 52713 | E16: 165492 | F16: Lipid | G16: Plasmalogen | H16: 2821 | I16: NAMED | J16: FZMYLOBGNYZPQO-QLSONYGBSA-N | K16: [H][C@](OC(CCCCCCC/C=C\CCCCCC)=O)(COP(OCC[N+](C)(C)C)([O-])=O)CO/C=C\CCCCCCCCCCCCCC | L16: 1-(1-enyl-palmitoyl)-2-palmitoleoyl-GPC (P-16:0/16:1)* | M16: 1-(1-enyl-palmitoyl)-2-palmitoleoyl-GPC (P-16:0/16:1)* | O16: 24767482 | P16: HMDB0011207 | R16: 52923882 | S16: Pos Late
A17: =_xlfn.CONCAT("metab_compid_", $D17) -> metab_compid_52716 | B17: 100009162 | C17: 402 | D17: 52716 | E17: 165495 | F17: Lipid | G17: Plasmalogen | H17: 2820 | I17: NAMED | J17: PEWXKAOBUSBJLD-MCBGMKGZSA-N | K17: [H][C@](OC(CCCCCCCCCCCCCCC)=O)(COP(OCC[N+](C)(C)C)([O-])=O)CO/C=C\CCCCCCCCCCCCCC | L17: 1-(1-enyl-palmitoyl)-2-palmitoyl-GPC (P-16:0/16:0)* | M17: 1-(1-enyl-palmitoyl)-2-palmitoyl-GPC (P-16:0/16:0)* | O17: 9322076 | P17: HMDB0011206 | R17: 11146967 | S17: Pos Late
A18: =_xlfn.CONCAT("metab_compid_", $D18) -> metab_compid_52474 | B18: 100002875 | C18: 402 | D18: 52474 | E18: 165152 | F18: Lipid | G18: Lysoplasmalogen | H18: 2852 | I18: NAMED | J18: HTZINLFNXLXRBC-CQLBIITFSA-N | K18: CCCCCCCCCCCCCC/C=C\OC[C@H](COP([O-])(OCC[N+](C)(C)C)=O)O | L18: 1-(1-enyl-palmitoyl)-GPC (P-16:0)* | M18: 1-(1-enyl-palmitoyl)-GPC (P-16:0)* | O18: 9093054 | P18: HMDB0010407 | R18: 10917802 | S18: Pos Late
A19: =_xlfn.CONCAT("metab_compid_", $D19) -> metab_compid_39270 | B19: 100003000 | C19: 402 | D19: 39270 | E19: 163991 | F19: Lipid | G19: Lysoplasmalogen | H19: 2853 | I19: NAMED | J19: QYTPGOPLNFESQC-RLHAVTDZSA-N | K19: O=P(OCC[NH3+])([O-])OC[C@H](O)CO/C=C/CCCCCCCCCCCCCC | L19: 1-(1-enyl-palmitoyl)-GPE (P-16:0)* | M19: 1-(1-enyl-palmitoyl)-GPE (P-16:0)* | O19: 10471193 | P19: HMDB0011152 | S19: Pos Late
A20: =_xlfn.CONCAT("metab_compid_", $D20) -> metab_compid_52475 | B20: 100008999 | C20: 402 | D20: 52475 | E20: 165154 | F20: Lipid | G20: Plasmalogen | H20: 2836 | I20: NAMED | J20: URPXXNCTXCOATD-FXMFQVEGSA-N | K20: [H][C@](OC(CCC/C=C\C/C=C\C/C=C\C/C=C\CCCCC)=O)(COP(OCCN)(O)=O)CO/C=C\CCCCCCCCCCCCCCCC | L20: 1-(1-enyl-stearoyl)-2-arachidonoyl-GPE (P-18:0/20:4)* | M20: 1-(1-enyl-stearoyl)-2-arachidonoyl-GPE (P-18:0/20:4)* | O20: 7826008 | P20: HMDB0005779 | R20: 9547058 | S20: Pos Late
A21: =_xlfn.CONCAT("metab_compid_", $D21) -> metab_compid_52748 | B21: 100009225 | C21: 402 | D21: 52748 | E21: 165539 | F21: Lipid | G21: Plasmalogen | H21: 2828 | I21: NAMED | J21: XVXISDREVDGQPX-PISDLAQISA-N | K21: [H][C@](OC(CCCCCCC/C=C\C/C=C\CCCCC)=O)(COP(OCCN)(O)=O)CO/C=C\CCCCCCCCCCCCCCCC | L21: 1-(1-enyl-stearoyl)-2-linoleoyl-GPE (P-18:0/18:2)* | M21: 1-(1-enyl-stearoyl)-2-linoleoyl-GPE (P-18:0/18:2)* | O21: 24769261 | P21: HMDB0011376 | S21: Pos Late
A22: =_xlfn.CONCAT("metab_compid_", $D22) -> metab_compid_52614 | B22: 100008919 | C22: 402 | D22: 52614 | E22: 165346 | F22: Lipid | G22: Plasmalogen | H22: 2827 | I22: NAMED | J22: XVYPOHCSLJZFED-QZEVRULJSA-N | K22: [H][C@@](COP([O-])(OCC[NH3+])=O)(OC(CCCCCCC/C=C\CCCCCCCC)=O)CO/C=C\CCCCCCCCCCCCCCCC | L22: 1-(1-enyl-stearoyl)-2-oleoyl-GPE (P-18:0/18:1) | M22: 1-(1-enyl-stearoyl)-2-oleoyl-GPE (P-18:0/18:1) | N22: 144371-68-6 | O22: 24769260 | P22: HMDB0011375 | R22: 42607457 | S22: Pos Late
A23: =_xlfn.CONCAT("metab_compid_", $D23) -> metab_compid_39271 | B23: 100003001 | C23: 402 | D23: 39271 | E23: 180976 | F23: Lipid | G23: Lysoplasmalogen | H23: 2857 | I23: NAMED | J23: KACDZDULGKPXHT-BIHRDVDLSA-N | K23: O=P(OCC[NH3+])([O-])OC[C@H](O)CO/C=C/CCCCCCCCCCCCCCCC | L23: 1-(1-enyl-stearoyl)-GPE (P-18:0)* | M23: 1-(1-enyl-stearoyl)-GPE (P-18:0)* | P23: HMDB0240598 | S23: Pos Late
A24: =_xlfn.CONCAT("metab_compid_", $D24) -> metab_compid_33228 | B24: 100001551 | C24: 402 | D24: 33228 | E24: 158552 | F24: Lipid | G24: Lysophospholipid | H24: 2653 | I24: NAMED | J24: LAXQYRRMGGEGOH-JXRLJXCWSA-N | K24: C[N+](C)(C)CCOP(OC[C@@](O)([H])COC(CCC\C=C/C\C=C/C/C=C\C/C=C\CCCCC)=O)([O-])=O | L24: 1-arachidonoyl-GPC (20:4n6)* | M24: 1-arachidonoyl-GPC (20:4n6)* | O24: 21403155 | P24: HMDB0010395 | Q24: C05208 | R24: 24779476 | S24: Pos Late
A25: =_xlfn.CONCAT("metab_compid_", $D25) -> metab_compid_35186 | B25: 100001571 | C25: 402 | D25: 35186 | E25: 158719 | F25: Lipid | G25: Lysophospholipid | H25: 2704 | I25: NAMED | J25: ROPRRXYVXLDXQO-XSQXPFHXSA-N | K25: NCCOP(OC[C@@](O)([H])COC(CCC\C=C/C\C=C/C/C=C\C/C=C\CCCCC)=O)(O)=O | L25: 1-arachidonoyl-GPE (20:4n6)* | M25: 1-arachidonoyl-GPE (20:4n6)* | O25: 21403171 | P25: HMDB0011517 | R25: 42607465 | S25: Pos Late
A26: =_xlfn.CONCAT("metab_compid_", $D26) -> metab_compid_34214 | B26: 100001654 | C26: 209 | D26: 34214 | E26: 142524 | F26: Lipid | G26: Lysophospholipid | H26: 2749 | I26: NAMED | J26: LXUGKKVCSTYZFK-OSKOXSHBSA-N | K26: [H]C(C(O)(C(O)([C@](O)1[H])[H])[H])([C@@](OP(O)(OC[C@@]([H])(COC(CCC/C=C\C/C=C\C/C=C\C/C=C\CCCCC)=O)O)=O)([C@]1(O)[H])[H])O | L26: 1-arachidonoyl-GPI (20:4)* | M26: 1-arachidonoyl-GPI (20:4)* | P26: HMDB0061690 | R26: 121596217 | S26: Neg
A27: =_xlfn.CONCAT("metab_compid_", $D27) -> metab_compid_34397 | B27: 100001433 | C27: 209 | D27: 34397 | E27: 126918 | F27: Lipid | G27: Monoacylglycerol | H27: 2881 | I27: NAMED | J27: DCPCOKIYJYGMDN-DOFZRALJSA-N | K27: O=C(CCC/C=C\C/C=C\C/C=C\C/C=C\CCCCC)OCC(O)CO | L27: 1-arachidonylglycerol (20:4) | M27: 1-arachidonylglycerol (20:4) | N27: 35474-99-8 | O27: 4445452 | P27: HMDB11578 | Q27: C13857 | R27: 16019980,5282281 | S27: Neg
A28: =_xlfn.CONCAT("metab_compid_", $D28) -> metab_compid_61505 | B28: 100015772 | C28: 402 | D28: 61505 | E28: 217727 | F28: Lipid | G28: Lysophospholipid | H28: 2675 | I28: NAMED | J28: WSDKRPCAPHRNNZ-MGBGTMOVSA-N | K28: C[N+](C)(CCOP([O-])(OC[C@@](O)([H])COC(CCCCCCCCCCCCCCCCCCCCCCCCC)=O)=O)C | L28: 1-cerotoyl-GPC (26:0)* | M28: 1-cerotoyl-GPC (26:0)* | O28: 35032836 | P28: HMDB29205 | S28: Pos Late
A29: =_xlfn.CONCAT("metab_compid_", $D29) -> metab_compid_48341 | B29: 100006121 | C29: 209 | D29: 48341 | E29: 153390 | F29: Lipid | G29: Monoacylglycerol | H29: 2880 | I29: NAMED | J29: LERKRWCYZNDWFH-QNEBEIHSSA-N | K29: OCC(O)COC(CCCCCC/C=C\C/C=C\C/C=C\CCCCC)=O | L29: 1-dihomo-linolenylglycerol (20:3) | M29: 1-dihomo-linolenylglycerol (20:3) | P29: HMDB0011577 | S29: Neg
A30: =_xlfn.CONCAT("metab_compid_", $D30) -> metab_compid_35153 | B30: 100001481 | C30: 209 | D30: 35153 | E30: 128209 | F30: Lipid | G30: Monoacylglycerol | H30: 2885 | I30: NAMED | J30: JWPHORDRFVRZPP-KUBAVDMBSA-N | K30: O=C(OCC(O)CO)CC/C=C\C/C=C\C/C=C\C/C=C\C/C=C\C/C=C\CC | L30: 1-docosahexaenoylglycerol (22:6) | M30: 1-docosahexaenoylglycerol (22:6) | O30: 10477810 | P30: HMDB0011587 | R30: 53480995 | S30: Neg
A31: =_xlfn.CONCAT("metab_compid_", $D31) -> metab_compid_62352 | B31: 100005376 | C31: 402 | D31: 62352 | E31: 240387 | F31: Lipid | G31: Lysophospholipid | H31: 2698 | I31: NAMED | J31: JEAGLCKGAKACCE-MDZDMXLPSA-N | K31: O=P(OCC(O)COC(CCCCCCCCC/C=C/CCCCCCCC)=O)(O)OCCN | L31: 1-eicosenoyl-GPE (20:1)* | M31: 1-eicosenoyl-GPE (20:1)* | P31: HMDB0011518 | R31: 52925139 | S31: Pos Late
A32: =_xlfn.CONCAT("metab_compid_", $D32) -> metab_compid_38140 | B32: 100002394 | C32: 209 | D32: 38140 | E32: 153530 | F32: Xenobiotics | G32: Drug - Other | H32: 6019 | I32: NAMED | J32: SJJCQDRGABAVBB-UHFFFAOYSA-N | K32: OC1=C(C(O)=O)C=CC2=C1C=CC=C2 | L32: 1-hydroxy-2-naphthalenecarboxylate | M32: 1-hydroxy-2-naphthalenecarboxylate | N32: 86-48-6 | O32: 6583 | Q32: C03203 | R32: 54675865 | S32: Neg
A33: =_xlfn.CONCAT("metab_compid_", $D33) -> metab_compid_49617 | B33: 100002873 | C33: 402 | D33: 49617 | E33: 161405 | F33: Lipid | G33: Lysophospholipid | H33: 2667 | I33: NAMED | J33: SKJMUADLQLZAGH-WJOKGBTCSA-N | K33: CCCCCCCCCCCCCCCCCCCCCCCC(OC[C@H](COP([O-])(OCC[N+](C)(C)C)=O)O)=O | L33: 1-lignoceroyl-GPC (24:0) | M33: 1-lignoceroyl-GPC (24:0) | N33: 325171-59-3 | O33: 24766539 | P33: HMDB0010405 | R33: 24779481 | S33: Pos Late
A34: =_xlfn.CONCAT("metab_compid_", $D34) -> metab_compid_45951 | B34: 100005350 | C34: 402 | D34: 45951 | E34: 159653 | F34: Lipid | G34: Lysophospholipid | H34: 2636 | I34: NAMED | J34: WKQNRCYKYCKESD-YHTMAJSVSA-N | K34: C[N+](CCOP(OCC(O)COC(CCCCCCC/C=C/C/C=C/C/C=C/CC)=O)([O-])=O)(C)C | L34: 1-linolenoyl-GPC (18:3)* | M34: 1-linolenoyl-GPC (18:3)* | P34: HMDB0010388 | Q34: C04100 | S34: Pos Late
A35: =_xlfn.CONCAT("metab_compid_", $D35) -> metab_compid_34393 | B35: 100001435 | C35: 209 | D35: 34393 | E35: 126910 | F35: Lipid | G35: Monoacylglycerol | H35: 2876 | I35: NAMED | J35: XQBHBEXBUZDCRY-QNEBEIHSSA-N | K35: O=C(OCC(O)CO)CCCC\C=C/C\C=C/C\C=C/CCCCC | L35: 1-linolenoylglycerol (18:3) | M35: 1-linolenoylglycerol (18:3) | N35: 124151-74-2 | O35: 21403134 | P35: HMDB0011569 | R35: 53480978 | S35: Neg
A36: =_xlfn.CONCAT("metab_compid_", $D36) -> metab_compid_52710 | B36: 100009131 | C36: 402 | D36: 52710 | E36: 165488 | F36: Lipid | G36: Phosphatidylcholine (PC) | H36: 2383 | I36: NAMED | J36: ZZSZQATYGVHNLZ-PUMLCSCDSA-N | K36: O=C(CCCCCCC/C=C\C/C=C\CCCCC)OC[C@]([H])(COP(OCC[N+](C)(C)C)([O-])=O)OC(CCC/C=C\C/C=C\C/C=C\C/C=C\CCCCC)=O | L36: 1-linoleoyl-2-arachidonoyl-GPC (18:2/20:4n6)* | M36: 1-linoleoyl-2-arachidonoyl-GPC (18:2/20:4n6)* | O36: 24766809 | P36: HMDB0008147 | Q36: C05208 | R36: 24778979 | S36: Pos Late
A37: =_xlfn.CONCAT("metab_compid_", $D37) -> metab_compid_53189 | B37: 100009222 | C37: 402 | D37: 53189 | E37: 166619 | F37: Lipid | G37: Phosphatidylethanolamine (PE) | H37: 2472 | I37: NAMED | J37: LFGBKOUQHCWBQI-BZGLIJSBSA-N | K37: O=C(CCCCCCC/C=C\C/C=C\CCCCC)OC[C@]([H])(COP(OCCN)(O)=O)OC(CCC/C=C\C/C=C\C/C=C\C/C=C\CCCCC)=O | L37: 1-linoleoyl-2-arachidonoyl-GPE (18:2/20:4)* | M37: 1-linoleoyl-2-arachidonoyl-GPE (18:2/20:4)* | O37: 24768565 | P37: HMDB0009102 | R37: 348279332 | S37: Pos Late
A38: =_xlfn.CONCAT("metab_compid_", $D38) -> metab_compid_53176 | B38: 100009343 | C38: 402 | D38: 53176 | E38: 166602 | F38: Lipid | G38: Phosphatidylcholine (PC) | H38: 2378 | I38: NAMED | J38: HZGAVPNEGHQJID-UNBCHYIMSA-N | K38: O=C(CCCCCCC/C=C\C/C=C\CCCCC)OC[C@]([H])(COP(OCC[N+](C)(C)C)([O-])=O)OC(CCCCCCC/C=C\C/C=C\C/C=C\CC)=O | L38: 1-linoleoyl-2-linolenoyl-GPC (18:2/18:3)* | M38: 1-linoleoyl-2-linolenoyl-GPC (18:2/18:3)* | O38: 24766802 | P38: HMDB0008141 | R38: 52922731 | S38: Pos Late
A39: =_xlfn.CONCAT("metab_compid_", $D39) -> metab_compid_34419 | B39: 100001395 | C39: 402 | D39: 34419 | E39: 158662 | F39: Lipid | G39: Lysophospholipid | H39: 2634 | I39: NAMED | J39: SPJFYYJXNPEZDW-UTJQPWESSA-N | K39: O=P(OCC(O)COC(CCCCCCC/C=C\C/C=C\CCCCC)=O)([O-])OCC[N+](C)(C)C | L39: 1-linoleoyl-GPC (18:2) | M39: 1-linoleoyl-GPC (18:2) | O39: 10160888 | P39: HMDB0010386 | Q39: C04100 | R39: 11988421 | S39: Pos Late
A40: =_xlfn.CONCAT("metab_compid_", $D40) -> metab_compid_36600 | B40: 100001570 | C40: 402 | D40: 36600 | E40: 158788 | F40: Lipid | G40: Lysophospholipid | H40: 2691 | I40: NAMED | J40: DBHKHNGBVGWQJE-HZJYTTRNSA-N | K40: O=P(OCC(O)COC(CCCCCCC/C=C\C/C=C\CCCCC)=O)(O)OCCN | L40: 1-linoleoyl-GPE (18:2)* | M40: 1-linoleoyl-GPE (18:2)* | O40: 21403170 | P40: HMDB0011507 | R40: 52925130 | S40: Pos Late
A41: =_xlfn.CONCAT("metab_compid_", $D41) -> metab_compid_54885 | B41: 100009227 | C41: 209 | D41: 54885 | E41: 207774 | F41: Lipid | G41: Lysophospholipid | H41: 2733 | I41: NAMED | J41: VEEHTGYBVMTAAF-RFFZIGDUSA-N | K41: [H][C@@](CO)(O)COP(OC[C@]([H])(O)COC(CCCCCCC/C=C\C/C=C\CCCCC)=O)(O)=O | L41: 1-linoleoyl-GPG (18:2)* | M41: 1-linoleoyl-GPG (18:2)* | P41: HMDB0240600 | S41: Neg
A42: =_xlfn.CONCAT("metab_compid_", $D42) -> metab_compid_36594 | B42: 100001778 | C42: 209 | D42: 36594 | E42: 146822 | F42: Lipid | G42: Lysophospholipid | H42: 2743 | I42: NAMED | J42: SAHCQBPGXQFTRA-WNOZMNFTSA-N | K42: [H]C(C(O)(C(O)([C@](O)1[H])[H])[H])([C@@](OP(O)(OC[C@@]([H])(COC(CCCCCCC/C=C\C/C=C\CCCCC)=O)O)=O)([C@]1(O)[H])[H])O | L42: 1-linoleoyl-GPI (18:2)* | M42: 1-linoleoyl-GPI* (18:2)* | P42: HMDB0240597 | R42: 11124828 | S42: Neg
A43: =_xlfn.CONCAT("metab_compid_", $D43) -> metab_compid_27447 | B43: 100001040 | C43: 209 | D43: 27447 | E43: 126071 | F43: Lipid | G43: Monoacylglycerol | H43: 2875 | I43: NAMED | J43: WECGLUPZRHILCT-HZJYTTRNSA-N | K43: CCCCC/C=C\C/C=C\CCCCCCCC(OCC(O)CO)=O | L43: 1-linoleoylglycerol (18:2) | M43: 1-linoleoylglycerol (18:2) | N43: 2277-28-3 | O43: 4446589 | P43: HMDB0011568 | R43: 5283469 | S43: Neg
A44: =_xlfn.CONCAT("metab_compid_", $D44) -> metab_compid_32350 | B44: 100001208 | C44: 400 | D44: 32350 | E44: 155911 | F44: Amino Acid | G44: Histidine Metabolism | H44: 93 | I44: NAMED | J44: ZHCKPJGJQOPTLB-UHFFFAOYSA-N | K44: O=C(O)CC1=CN(C)C=N1 | L44: 1-methyl-4-imidazoleacetate | M44: 1-methyl-4-imidazoleacetate | N44: 2625-49-2 | O44: 68319 | P44: HMDB0002820 | Q44: C05828 | R44: 75810 | S44: Pos Early
A45: =_xlfn.CONCAT("metab_compid_", $D45) -> metab_compid_62946 | B45: 100002910 | C45: 400 | D45: 62946 | E45: 220814 | F45: Amino Acid | G45: Histidine Metabolism | H45: 94 | I45: NAMED | J45: UJCGYTCAMOHYCG-UHFFFAOYSA-N | K45: O=C(O)CC1=CN=CN1C | L45: 1-methyl-5-imidazoleacetate | M45: 1-methyl-5-imidazoleacetate | N45: 4200-48-0 | O45: 4954265 | P45: HMDB04988 | R45: 6451814 | S45: Pos Early
A46: =_xlfn.CONCAT("metab_compid_", $D46) -> metab_compid_64596 | B46: 100021478 | C46: 400 | D46: 64596 | E46: 238817 | F46: Amino Acid | G46: Histidine Metabolism | H46: 95 | I46: NAMED | J46: MXETUSMIYKMMAT-UHFFFAOYSA-N | K46: CN1C=NC=C1CC(O)C(O)=O | L46: 1-methyl-5-imidazolelactate | M46: 1-methyl-5-imidazolelactate | N46: 2022510-60-5 | O46: 65563369 | S46: Pos Early
A47: =_xlfn.CONCAT("metab_compid_", $D47) -> metab_compid_30460 | B47: 100001051 | C47: 400 | D47: 30460 | E47: 155848 | F47: Amino Acid | G47: Histidine Metabolism | H47: 73 | I47: NAMED | J47: BRMWTNUJHUMWMS-LURJTMIESA-N | K47: N[C@H](C(O)=O)CC1=CN(C)C=N1 | L47: 1-methylhistidine | M47: 1-methylhistidine | N47: 332-80-9 | O47: 83153 | P47: HMDB0000001 | Q47: C01152 | R47: 92105 | S47: Pos Early
A48: =_xlfn.CONCAT("metab_compid_", $D48) -> metab_compid_27665 | B48: 55 | C48: 400 | D48: 27665 | E48: 155829 | F48: Cofactors and Vitamins | G48: Nicotinate and Nicotinamide Metabolism | H48: 4336 | I48: NAMED | J48: LDHMAVIPBRSVRG-UHFFFAOYSA-N | K48: C[N+]1=CC(C([NH-])=O)=CC=C1 | L48: 1-methylnicotinamide | M48: 1-methylnicotinamide | N48: 1005-24-9 | O48: 8305504 | P48: HMDB0000699 | Q48: C02918 | R48: 457 | S48: Pos Early
A49: =_xlfn.CONCAT("metab_compid_", $D49) -> metab_compid_34395 | B49: 100001400 | C49: 400 | D49: 34395 | E49: 156098 | F49: Xenobiotics | G49: Xanthine Metabolism | H49: 4616 | I49: NAMED | J49: QFDRTQONISXGJA-UHFFFAOYSA-N | K49: CN1C(NC(N2)=C(C1=O)NC2=O)=O | L49: 1-methylurate | M49: 1-methylurate | N49: 708-79-2 | O49: 62926 | P49: HMDB0003099 | Q49: C16359 | R49: 69726 | S49: Pos Early
A50: =_xlfn.CONCAT("metab_compid_", $D50) -> metab_compid_34389 | B50: 100001405 | C50: 209 | D50: 34389 | E50: 126906 | F50: Xenobiotics | G50: Xanthine Metabolism | H50: 4622 | I50: NAMED | J50: MVOYJPOZRLFTCP-UHFFFAOYSA-N | K50: O=C(N1C)NC2=C(NC=N2)C1=O | L50: 1-methylxanthine | M50: 1-methylxanthine | N50: 6136-37-4 | O50: 72464 | P50: HMDB0010738 | Q50: C16358 | R50: 80220 | S50: Neg
A51: =_xlfn.CONCAT("metab_compid_", $D51) -> metab_compid_53195 | B51: 100009139 | C51: 402 | D51: 53195 | E51: 166625 | F51: Lipid | G51: Phosphatidylcholine (PC) | H51: 2284 | I51: NAMED | J51: SRQSAJRUMDQMMS-NLDJLLEISA-N | K51: O=C(CCCCCCCCCCCCC)OC[C@]([H])(COP(OCC[N+](C)(C)C)([O-])=O)OC(CCC/C=C\C/C=C\C/C=C\C/C=C\CCCCC)=O | L51: 1-myristoyl-2-arachidonoyl-GPC (14:0/20:4)* | M51: 1-myristoyl-2-arachidonoyl-GPC (14:0/20:4)* | O51: 24766559 | P51: HMDB0007883 | R51: 24778634 | S51: Pos Late
A52: =_xlfn.CONCAT("metab_compid_", $D52) -> metab_compid_19258 | B52: 100000672 | C52: 402 | D52: 19258 | E52: 164196 | F52: Lipid | G52: Phosphatidylcholine (PC) | H52: 2280 | I52: NAMED | J52: RFVFQQWKPSOBED-PSXMRANNSA-N | K52: CCCCCCCCCCCCCCCC(O[C@](COC(CCCCCCCCCCCCC)=O)(COP([O-])(OCC[N+](C)(C)C)=O)[H])=O | L52: 1-myristoyl-2-palmitoyl-GPC (14:0/16:0) | M52: 1-myristoyl-2-palmitoyl-GPC (14:0/16:0) | N52: 69525-80-0 | O52: 114798 | P52: HMDB0007869 | R52: 129657 | S52: Pos Late
A53: =_xlfn.CONCAT("metab_compid_", $D53) -> metab_compid_35625 | B53: 100001618 | C53: 209 | D53: 35625 | E53: 128233 | F53: Lipid | G53: Monoacylglycerol | H53: 2867 | I53: NAMED | J53: DCBSHORRWZKAKO-UHFFFAOYSA-N | K53: O=C(CCCCCCCCCCCCC)OCC(O)CO | L53: 1-myristoylglycerol (14:0) | M53: 1-myristoylglycerol (14:0) | N53: 75685-84-6 | O53: 71382 | P53: HMDB0011561 | Q53: C01885 | R53: 10957631 | S53: Neg
A54: =_xlfn.CONCAT("metab_compid_", $D54) -> metab_compid_55041 | B54: 100009219 | C54: 402 | D54: 55041 | E54: 210837 | F54: Lipid | G54: Phosphatidylethanolamine (PE) | H54: 2465 | I54: NAMED | J54: PECSWFQRRFRZPW-BHPGJWMBSA-N | K54: O=C(CCCCCCC/C=C\CCCCCCCC)OC[C@]([H])(COP(OCCN)(O)=O)OC(CCC/C=C\C/C=C\C/C=C\C/C=C\CCCCC)=O | L54: 1-oleoyl-2-arachidonoyl-GPE (18:1/20:4)* | M54: 1-oleoyl-2-arachidonoyl-GPE (18:1/20:4)* | O54: 24768534 | P54: HMDB0009069 | R54: 348281223 | S54: Pos Late
A55: =_xlfn.CONCAT("metab_compid_", $D55) -> metab_compid_52697 | B55: 100009130 | C55: 402 | D55: 52697 | E55: 165470 | F55: Lipid | G55: Phosphatidylcholine (PC) | H55: 2376 | I55: NAMED | J55: FPEVDFOXMCHLKL-KFDYCXSYSA-N | K55: O=C(CCCCCCC/C=C\CCCCCCCC)OC[C@]([H])(COP(OCC[N+](C)(C)C)([O-])=O)OC(CC/C=C\C/C=C\C/C=C\C/C=C\C/C=C\C/C=C\CC)=O | L55: 1-oleoyl-2-docosahexaenoyl-GPC (18:1/22:6)* | M55: 1-oleoyl-2-docosahexaenoyl-GPC (18:1/22:6)* | O55: 24766785 | P55: HMDB0008123 | R55: 24778955 | S55: Pos Late
A56: =_xlfn.CONCAT("metab_compid_", $D56) -> metab_compid_53209 | B56: 100009220 | C56: 402 | D56: 53209 | E56: 166647 | F56: Lipid | G56: Phosphatidylethanolamine (PE) | H56: 2469 | I56: NAMED | J56: JZSZAGWWWKKXLO-RMEBTJIYSA-N | K56: O=C(CCCCCCC/C=C\CCCCCCCC)OC[C@]([H])(COP(OCCN)(O)=O)OC(CC/C=C\C/C=C\C/C=C\C/C=C\C/C=C\C/C=C\CC)=O | L56: 1-oleoyl-2-docosahexaenoyl-GPE (18:1/22:6)* | M56: 1-oleoyl-2-docosahexaenoyl-GPE (18:1/22:6)* | O56: 24768542 | P56: HMDB0009078 | R56: 52922113 | S56: Pos Late
A57: =_xlfn.CONCAT("metab_compid_", $D57) -> metab_compid_48258 | B57: 100001272 | C57: 402 | D57: 48258 | E57: 160285 | F57: Lipid | G57: Lysophospholipid | H57: 2631 | I57: NAMED | J57: YAMUFBLWGFFICM-PTGWMXDISA-N | K57: O[C@H](COC(CCCCCCC/C=C\CCCCCCCC)=O)COP(OCC[N+](C)(C)C)([O-])=O | L57: 1-oleoyl-GPC (18:1) | M57: 1-oleoyl-GPC (18:1) | N57: 19420-56-5 | O57: 17240641 | P57: HMDB0002815 | Q57: C03916 | R57: 16081932 | S57: Pos Late
A58: =_xlfn.CONCAT("metab_compid_", $D58) -> metab_compid_35628 | B58: 100001569 | C58: 402 | D58: 35628 | E58: 158745 | F58: Lipid | G58: Lysophospholipid | H58: 2689 | I58: NAMED | J58: PYVRVRFVLRNJLY-MZMPXXGTSA-N | K58: O=P(OCC[NH3+])([O-])OC[C@H](O)COC(CCCCCCC\C=C/CCCCCCCC)=O | L58: 1-oleoyl-GPE (18:1) | M58: 1-oleoyl-GPE (18:1) | N58: 89576-29-4 | O58: 7826021 | P58: HMDB0011506 | R58: 9547071 | S58: Pos Late
A59: =_xlfn.CONCAT("metab_compid_", $D59) -> metab_compid_45968 | B59: 100005716 | C59: 209 | D59: 45968 | E59: 144192 | F59: Lipid | G59: Lysophospholipid | H59: 2731 | I59: NAMED | J59: FQQQKGAFQIIGLQ-VYFUBJQISA-N | K59: O[C@H](COC(CCCCCCC/C=C\CCCCCCCC)=O)COP(OCC(O)CO)(O)=O | L59: 1-oleoyl-GPG (18:1)* | M59: 1-oleoyl-GPG (18:1)* | O59: 34999689 | P59: HMDB0240602 | S59: Neg
A60: =_xlfn.CONCAT("metab_compid_", $D60) -> metab_compid_36602 | B60: 100001777 | C60: 209 | D60: 36602 | E60: 146821 | F60: Lipid | G60: Lysophospholipid | H60: 2741 | I60: NAMED | J60: UGDOFRYHDCDVHD-JCASDCETSA-N | K60: [H]C(C(O)(C(O)([C@](O)1[H])[H])[H])([C@@](OP(O)(OC[C@@]([H])(COC(CCCCCCC/C=C\CCCCCCCC)=O)O)=O)([C@]1(O)[H])[H])O | L60: 1-oleoyl-GPI (18:1) | M60: 1-oleoyl-GPI (18:1) | P60: HMDB0061693 | R60: 86289645 | S60: Neg
A61: =_xlfn.CONCAT("metab_compid_", $D61) -> metab_compid_21184 | B61: 100000924 | C61: 209 | D61: 21184 | E61: 126057 | F61: Lipid | G61: Monoacylglycerol | H61: 2874 | I61: NAMED | J61: RZRNAYUHWVFMIP-KTKRTIGZSA-N | K61: O=C(OCC(O)CO)CCCCCCC/C=C\CCCCCCCC | L61: 1-oleoylglycerol (18:1) | M61: 1-oleoylglycerol (18:1) | N61: 111-03-5 | O61: 4446588 | P61: HMDB0011567 | R61: 5283468 | S61: Neg
A62: =_xlfn.CONCAT("metab_compid_", $D62) -> metab_compid_64896 | B62: 100022517 | C62: 402 | D62: 64896 | E62: 240146 | F62: Lipid | G62: Lysoplasmalogen | H62: 2847 | I62: NAMED | K62: [H][C@](O)(COP(OCC[N+](C)(C)C)([O-])=O)COCCCCCCCC/C=C\CCCCCCCC | L62: 1-oleyl-GPC (O-18:1)* | M62: 1-oleyl-GPC (O-18:1)* | S62: Pos Late
A63: =_xlfn.CONCAT("metab_compid_", $D63) -> metab_compid_53180 | B63: 100009345 | C63: 402 | D63: 53180 | E63: 166609 | F63: Lipid | G63: Phosphatidylcholine (PC) | H63: 2328 | I63: NAMED | J63: MMUCLZZSNHBNFL-KBTBXKTRSA-N | K63: O=C(CCCCCCC/C=C\CCCCCC)OC[C@]([H])(COP(OCC[N+](C)(C)C)([O-])=O)OC(CCCCCCC/C=C\C/C=C\C/C=C\CC)=O | L63: 1-palmitoleoyl-2-linolenoyl-GPC (16:1/18:3)* | M63: 1-palmitoleoyl-2-linolenoyl-GPC (16:1/18:3)* | O63: 24766677 | P63: HMDB0008008 | R63: 52922452 | S63: Pos Late
A64: =_xlfn.CONCAT("metab_compid_", $D64) -> metab_compid_33230 | B64: 100001511 | C64: 402 | D64: 33230 | E64: 158553 | F64: Lipid | G64: Lysophospholipid | H64: 2620 | I64: NAMED | J64: LFUDDCMNKWEORN-KHPPLWFESA-N | K64: O=P(OCC[N+](C)(C)C)([O-])OCC(O)COC(CCCCCCC/C=C\CCCCCC)=O | L64: 1-palmitoleoyl-GPC (16:1)* | M64: 1-palmitoleoyl-GPC (16:1)* | O64: 21403152 | P64: HMDB0010383 | R64: 24779461 | S64: Pos Late
A65: =_xlfn.CONCAT("metab_compid_", $D65) -> metab_compid_52431 | B65: 100008952 | C65: 209 | D65: 52431 | E65: 164555 | F65: Lipid | G65: Monoacylglycerol | H65: 2871 | I65: NAMED | J65: KVYUBFKSKZWZSV-BQYQJAHWSA-N | K65: CCCCCC/C=C/CCCCCCCC(OCC(O)CO)=O | L65: 1-palmitoleoylglycerol (16:1)* | M65: 1-palmitoleoylglycerol (16:1)* | P65: HMDB0011565 | S65: Neg
A66: =_xlfn.CONCAT("metab_compid_", $D66) -> metab_compid_52462 | B66: 100008914 | C66: 402 | D66: 52462 | E66: 165128 | F66: Lipid | G66: Phosphatidylcholine (PC) | H66: 2315 | I66: NAMED | J66: IIZPXYDJLKNOIY-JXPKJXOSSA-N | K66: CCCCCCCCCCCCCCCC(OC[C@@]([H])(OC(CCC/C=C\C/C=C\C/C=C\C/C=C\CCCCC)=O)COP([O-])(OCC[N+](C)(C)C)=O)=O | L66: 1-palmitoyl-2-arachidonoyl-GPC (16:0/20:4n6) | M66: 1-palmitoyl-2-arachidonoyl-GPC (16:0/20:4n6) | N66: 35418-58-7 | O66: 8923140 | P66: HMDB0007982 | Q66: C05208 | R66: 10747814 | S66: Pos Late
A67: =_xlfn.CONCAT("metab_compid_", $D67) -> metab_compid_52464 | B67: 100008990 | C67: 402 | D67: 52464 | E67: 165131 | F67: Lipid | G67: Phosphatidylethanolamine (PE) | H67: 2434 | I67: NAMED | J67: DRIVXEVMDWCWLI-CAQMIEAISA-N | K67: O=C(CCCCCCCCCCCCCCC)OC[C@]([H])(COP(OCCN)(O)=O)OC(CCC/C=C\C/C=C\C/C=C\C/C=C\CCCCC)=O | L67: 1-palmitoyl-2-arachidonoyl-GPE (16:0/20:4)* | M67: 1-palmitoyl-2-arachidonoyl-GPE (16:0/20:4)* | O67: 7825750 | P67: HMDB0005323 | Q67: C05210 | R67: 9546800 | S67: Pos Late
A68: =_xlfn.CONCAT("metab_compid_", $D68) -> metab_compid_52467 | B68: 100008993 | C68: 402 | D68: 52467 | E68: 208085 | F68: Lipid | G68: Phosphatidylinositol (PI) | H68: 2557 | I68: NAMED | J68: KIQYUSYSJTUGFZ-LSLODQAYSA-N | K68: O=C(CCCCCCCCCCCCCCC)OC[C@@]([H])(OC(CCC/C=C\C/C=C\C/C=C\C/C=C\CCCCC)=O)COP(O[C@H]1[C@H](O)[C@@H](O)[C@H](O)[C@@H](O)[C@H]1O)(O)=O | L68: 1-palmitoyl-2-arachidonoyl-GPI (16:0/20:4)* | M68: 1-palmitoyl-2-arachidonoyl-GPI (16:0/20:4)* | O68: 24767674 | P68: HMDB0009789 | S68: Pos Late
A69: =_xlfn.CONCAT("metab_compid_", $D69) -> metab_compid_52454 | B69: 100008985 | C69: 402 | D69: 52454 | E69: 165119 | F69: Lipid | G69: Phosphatidylcholine (PC) | H69: 2311 | I69: NAMED | J69: SRIGHEHXEGELQJ-YYQUKWHJSA-N | K69: CCCCCCCCCCCCCCCC(OC[C@@H](OC(CCCCCC/C=C\C/C=C\C/C=C\CCCCC)=O)COP([O-])(OCC[N+](C)(C)C)=O)=O | L69: 1-palmitoyl-2-dihomo-linolenoyl-GPC (16:0/20:3n3 or 6)* | M69: 1-palmitoyl-2-dihomo-linolenoyl-GPC (16:0/20:3n3 or 6)* | S69: Pos Late
A70: =_xlfn.CONCAT("metab_compid_", $D70) -> metab_compid_52610 | B70: 100008915 | C70: 402 | D70: 52610 | E70: 165342 | F70: Lipid | G70: Phosphatidylcholine (PC) | H70: 2321 | I70: NAMED | J70: IESVDEZGAHUQJU-ZLBXKVHBSA-N | K70: CCCCCCCCCCCCCCCC(OC[C@](OC(CC/C=C\C/C=C\C/C=C\C/C=C\C/C=C\C/C=C\CC)=O)([H])COP([O-])(OCC[N+](C)(C)C)=O)=O | L70: 1-palmitoyl-2-docosahexaenoyl-GPC (16:0/22:6) | M70: 1-palmitoyl-2-docosahexaenoyl-GPC (16:0/22:6) | N70: 59403-54-2 | O70: 4946007 | P70: HMDB0007991 | R70: 6441886 | S70: Pos Late
A71: =_xlfn.CONCAT("metab_compid_", $D71) -> metab_compid_52465 | B71: 100008991 | C71: 402 | D71: 52465 | E71: 165133 | F71: Lipid | G71: Phosphatidylethanolamine (PE) | H71: 2436 | I71: NAMED | J71: MPWUZHVZZKSTPV-MADBQMNMSA-N | K71: O=C(CCCCCCCCCCCCCCC)OC[C@]([H])(COP(OCCN)(O)=O)OC(CC/C=C\C/C=C\C/C=C\C/C=C\C/C=C\C/C=C\CC)=O | L71: 1-palmitoyl-2-docosahexaenoyl-GPE (16:0/22:6)* | M71: 1-palmitoyl-2-docosahexaenoyl-GPE (16:0/22:6)* | O71: 7825749 | P71: HMDB0008946 | R71: 9546799 | S71: Pos Late
A72: =_xlfn.CONCAT("metab_compid_", $D72) -> metab_compid_42446 | B72: 1537 | C72: 402 | D72: 42446 | E72: 165129 | F72: Lipid | G72: Phosphatidylcholine (PC) | H72: 2304 | I72: NAMED | J72: JLPULHDHAOZNQI-ZTIMHPMXSA-N | K72: O=P([O-])(OC[C@@H](COC(CCCCCCCCCCCCCCC)=O)OC(CCCCCCC/C=C\C/C=C\CCCCC)=O)OCC[N+](C)(C)C | L72: 1-palmitoyl-2-linoleoyl-GPC (16:0/18:2) | M72: 1-palmitoyl-2-linoleoyl-GPC (16:0/18:2) | N72: 40811-94-7 | O72: 4450224 | P72: HMDB0007973 | R72: 5287971 | S72: Pos Late
A73: =_xlfn.CONCAT("metab_compid_", $D73) -> metab_compid_42449 | B73: 100001870 | C73: 402 | D73: 42449 | E73: 164197 | F73: Lipid | G73: Phosphatidylethanolamine (PE) | H73: 2428 | I73: NAMED | J73: HBZNVZIRJWODIB-NHCUFCNUSA-N | K73: O=C(CCCCCCC/C=C\C/C=C\CCCCC)O[C@@H](COP(OCCN)(O)=O)COC(CCCCCCCCCCCCCCC)=O | L73: 1-palmitoyl-2-linoleoyl-GPE (16:0/18:2) | M73: 1-palmitoyl-2-linoleoyl-GPE (16:0/18:2) | O73: 7825697 | P73: HMDB0005322 | R73: 9546747 | S73: Pos Late
A74: =_xlfn.CONCAT("metab_compid_", $D74) -> metab_compid_52450 | B74: 1528 | C74: 402 | D74: 52450 | E74: 210818 | F74: Lipid | G74: Phosphatidylinositol (PI) | H74: 2554 | I74: NAMED | J74: BSNJSZUDOMPYIR-DMDPBSJXSA-N | K74: O=C(CCCCCCC/C=C\C/C=C\CCCCC)O[C@@H](COP(OC1C(O)C(O)C(O)C(O)C1O)(O)=O)COC(CCCCCCCCCCCCCCC)=O | L74: 1-palmitoyl-2-linoleoyl-GPI (16:0/18:2) | M74: 1-palmitoyl-2-linoleoyl-GPI (16:0/18:2) | O74: 21403024 | P74: HMDB0009784 | R74: 46891795 | S74: Pos Late
A75: =_xlfn.CONCAT("metab_compid_", $D75) -> metab_compid_52461 | B75: 1539 | C75: 402 | D75: 52461 | E75: 165127 | F75: Lipid | G75: Phosphatidylcholine (PC) | H75: 2301 | I75: NAMED | J75: WTJKGGKOPKCXLL-PFDVCBLKSA-N | K75: O=C(CCCCCCC/C=C\CCCCCCCC)O[C@@H](COC(CCCCCCCCCCCCCCC)=O)COP(OCC[N+](C)(C)C)([O-])=O | L75: 1-palmitoyl-2-oleoyl-GPC (16:0/18:1) | M75: 1-palmitoyl-2-oleoyl-GPC (16:0/18:1) | N75: 26853-31-6,26853-31-6 | O75: 4940699 | P75: HMDB0007972 | Q75: C13875 | R75: 6436017 | S75: Pos Late
A76: =_xlfn.CONCAT("metab_compid_", $D76) -> metab_compid_19263 | B76: 1526 | C76: 402 | D76: 19263 | E76: 164198 | F76: Lipid | G76: Phosphatidylethanolamine (PE) | H76: 2426 | I76: NAMED | J76: FHQVHHIBKUMWTI-OTMQOFQLSA-N | K76: CCCCCCCC\C=C/CCCCCCCC(O[C@](COC(CCCCCCCCCCCCCCC)=O)(COP([O-])(OCC[N+]([H])([H])[H])=O)[H])=O | L76: 1-palmitoyl-2-oleoyl-GPE (16:0/18:1) | M76: 1-palmitoyl-2-oleoyl-GPE (16:0/18:1) | N76: 26662-94-2 | O76: 4446615 | P76: HMDB0005320 | R76: 5283496 | S76: Pos Late
A77: =_xlfn.CONCAT("metab_compid_", $D77) -> metab_compid_52669 | B77: 100009066 | C77: 305 | D77: 52669 | E77: 165429 | F77: Lipid | G77: Phosphatidylinositol (PI) | H77: 2552 | I77: NAMED | J77: PDLAMJKMOKWLAJ-KTBSNPQYSA-N | K77: O=C(CCCCCCCCCCCCCCC)OC[C@@]([H])(OC(CCCCCCC/C=C\CCCCCCCC)=O)COP(O[C@H]1[C@H](O)[C@@H](O)[C@H](O)[C@@H](O)[C@H]1O)(O)=O | L77: 1-palmitoyl-2-oleoyl-GPI (16:0/18:1)* | M77: 1-palmitoyl-2-oleoyl-GPI (16:0/18:1)* | O77: 24767668 | P77: HMDB0009783 | R77: 71296232 | S77: Polar
A78: =_xlfn.CONCAT("metab_compid_", $D78) -> metab_compid_52470 | B78: 100008984 | C78: 402 | D78: 52470 | E78: 165143 | F78: Lipid | G78: Phosphatidylcholine (PC) | H78: 2297 | I78: NAMED | J78: QIBZFHLFHCIUOT-HTXNQAPBSA-N | K78: CCCCCCCCCCCCCCCC(OCC(OC(CCCCCCC/C=C/CCCCCC)=O)COP([O-])(OCC[N+](C)(C)C)=O)=O | L78: 1-palmitoyl-2-palmitoleoyl-GPC (16:0/16:1)* | M78: 1-palmitoyl-2-palmitoleoyl-GPC (16:0/16:1)* | P78: HMDB0007969 | R78: 6443788 | S78: Pos Late
A79: =_xlfn.CONCAT("metab_compid_", $D79) -> metab_compid_52616 | B79: 100008921 | C79: 402 | D79: 52616 | E79: 165348 | F79: Lipid | G79: Phosphatidylcholine (PC) | H79: 2299 | I79: NAMED | J79: PZNPLUBHRSSFHT-RRHRGVEJSA-N | K79: O=C(CCCCCCCCCCCCCCC)OC[C@]([H])(COP(OCC[N+](C)(C)C)([O-])=O)OC(CCCCCCCCCCCCCCCCC)=O | L79: 1-palmitoyl-2-stearoyl-GPC (16:0/18:0) | M79: 1-palmitoyl-2-stearoyl-GPC (16:0/18:0) | N79: 59403-51-9 | O79: 24766643 | P79: HMDB0007970 | Q79: C03889 | R79: 24778686 | S79: Pos Late
A80: =_xlfn.CONCAT("metab_compid_", $D80) -> metab_compid_34428 | B80: 100001445 | C80: 305 | D80: 34428 | E80: 165178 | F80: Lipid | G80: Lysophospholipid | H80: 2600 | I80: NAMED | J80: YNDYKPRNFWPPFU-GOSISDBHSA-N | K80: OP(OC[C@H](O)COC(CCCCCCCCCCCCCCC)=O)(O)=O | L80: 1-palmitoyl-GPA (16:0) | M80: 1-palmitoyl-GPA (16:0) | N80: 17618-08-5 | O80: 4925335 | P80: HMDB00327 | Q80: C04036 | R80: 6419701 | S80: Polar
A81: =_xlfn.CONCAT("metab_compid_", $D81) -> metab_compid_33955 | B81: 100001263 | C81: 402 | D81: 33955 | E81: 158599 | F81: Lipid | G81: Lysophospholipid | H81: 2618 | I81: NAMED | J81: ASWBNKHCZGQVJV-UHFFFAOYSA-N | K81: O=P(OCC[N+](C)(C)C)([O-])OCC(O)COC(CCCCCCCCCCCCCCC)=O | L81: 1-palmitoyl-GPC (16:0) | M81: 1-palmitoyl-GPC (16:0) | N81: 17364-16-8 | O81: 78064 | P81: HMDB0010382 | Q81: C04102 | R81: 86554 | S81: Pos Late
A82: =_xlfn.CONCAT("metab_compid_", $D82) -> metab_compid_35631 | B82: 100001567 | C82: 402 | D82: 35631 | E82: 158748 | F82: Lipid | G82: Lysophospholipid | H82: 2680 | I82: NAMED | J82: YVYMBNSKXOXSKW-HXUWFJFHSA-N | K82: O=P(OCC[NH3+])([O-])OC[C@H](O)COC(CCCCCCCCCCCCCCC)=O | L82: 1-palmitoyl-GPE (16:0) | M82: 1-palmitoyl-GPE (16:0) | N82: 53862-35-4 | O82: 7826019 | P82: HMDB0011503 | R82: 9547069 | S82: Pos Late
A83: =_xlfn.CONCAT("metab_compid_", $D83) -> metab_compid_45970 | B83: 100005717 | C83: 209 | D83: 45970 | E83: 144193 | F83: Lipid | G83: Lysophospholipid | H83: 2726 | I83: NAMED | J83: BVJSKAUUFXBDOB-UHFFFAOYSA-N | K83: O=P(OCC(O)CO)(O)OCC(O)COC(CCCCCCCCCCCCCCC)=O | L83: 1-palmitoyl-GPG (16:0)* | M83: 1-palmitoyl-GPG (16:0)* | O83: 2548639 | P83: HMDB0240601 | R83: 3300276 | S83: Neg
A84: =_xlfn.CONCAT("metab_compid_", $D84) -> metab_compid_35305 | B84: 100001655 | C84: 209 | D84: 35305 | E84: 146820 | F84: Lipid | G84: Lysophospholipid | H84: 2735 | I84: NAMED | J84: UOXRPRZMAROFPH-AQFLIPHUSA-N | K84: [H]C(C(O)(C(O)([C@](O)1[H])[H])[H])([C@@](OP(O)(OC[C@@]([H])(COC(CCCCCCCCCCCCCCC)=O)O)=O)([C@]1(O)[H])[H])O | L84: 1-palmitoyl-GPI (16:0) | M84: 1-palmitoyl-GPI (16:0) | P84: HMDB0061695 | R84: 71296207 | S84: Neg
A85: =_xlfn.CONCAT("metab_compid_", $D85) -> metab_compid_21127 | B85: 100000827 | C85: 209 | D85: 21127 | E85: 126053 | F85: Lipid | G85: Monoacylglycerol | H85: 2870 | I85: NAMED | J85: QHZLMUACJMDIAE-UHFFFAOYSA-N | K85: O=C(CCCCCCCCCCCCCCC)OCC(O)CO | L85: 1-palmitoylglycerol (16:0) | M85: 1-palmitoylglycerol (16:0) | N85: 542-44-9 | O85: 14201 | P85: HMDB0011564 | R85: 14900 | S85: Neg
A86: =_xlfn.CONCAT("metab_compid_", $D86) -> metab_compid_61868 | B86: 100001668 | C86: 400 | D86: 61868 | E86: 218616 | F86: Amino Acid | G86: Histidine Metabolism | H86: 98 | I86: NAMED | J86: AHPWEWASPTZMEK-UHFFFAOYSA-N | K86: OCC(O1)C(O)C(O)C1N2C=NC(CC(O)=O)=C2 | L86: 1-ribosyl-imidazoleacetate* | M86: 1-ribosyl-imidazoleacetate* | N86: 29605-99-0 | O86: 4292299 | P86: HMDB0002331 | Q86: C05131 | R86: 440569 | S86: Pos Early
A87: =_xlfn.CONCAT("metab_compid_", $D87) -> metab_compid_42450 | B87: 100001869 | C87: 402 | D87: 42450 | E87: 164205 | F87: Lipid | G87: Phosphatidylcholine (PC) | H87: 2351 | I87: NAMED | J87: PSVRFUPOQYJOOZ-QNPWAGBNSA-N | K87: C[N+](C)(CCOP([O-])(OC[C@@]([H])(COC(CCCCCCCCCCCCCCCCC)=O)OC(CCC/C=C\C/C=C\C/C=C\C/C=C\CCCCC)=O)=O)C | L87: 1-stearoyl-2-arachidonoyl-GPC (18:0/20:4) | M87: 1-stearoyl-2-arachidonoyl-GPC (18:0/20:4) | N87: 35418-59-8 | O87: 17347139 | P87: HMDB0008048 | R87: 16219824 | S87: Pos Late
A88: =_xlfn.CONCAT("metab_compid_", $D88) -> metab_compid_52447 | B88: 100008977 | C88: 402 | D88: 52447 | E88: 165110 | F88: Lipid | G88: Phosphatidylethanolamine (PE) | H88: 2456 | I88: NAMED | J88: ANRKEHNWXKCXDB-BHFWLYLHSA-N | K88: O=C(CCCCCCCCCCCCCCCCC)OC[C@]([H])(COP(OCCN)(O)=O)OC(CCC/C=C\C/C=C\C/C=C\C/C=C\CCCCC)=O | L88: 1-stearoyl-2-arachidonoyl-GPE (18:0/20:4) | M88: 1-stearoyl-2-arachidonoyl-GPE (18:0/20:4) | O88: 4451158 | P88: HMDB0009003 | Q88: C05210 | R88: 5289133 | S88: Pos Late
A89: =_xlfn.CONCAT("metab_compid_", $D89) -> metab_compid_52449 | B89: 100000616 | C89: 402 | D89: 52449 | E89: 208070 | F89: Lipid | G89: Phosphatidylinositol (PI) | H89: 2574 | I89: NAMED | J89: KRTOMQDUKGRFDJ-YKOKTLGVSA-N | K89: CCCCCCCCCCCCCCCCCC(OC[C@]([H])(COP(O)(O[C@](C(O)(C(O)(C(O)([C@](O)1[H])[H])[H])[H])([C@]1(O)[H])[H])=O)OC(CCC/C=C\C/C=C\C/C=C\C/C=C\CCCCC)=O)=O | L89: 1-stearoyl-2-arachidonoyl-GPI (18:0/20:4) | M89: 1-stearoyl-2-arachidonoyl-GPI (18:0/20:4) | N89: 383907-33-3 | O89: 21403055 | P89: HMDB0009815 | S89: Pos Late
A90: =_xlfn.CONCAT("metab_compid_", $D90) -> metab_compid_52611 | B90: 100008916 | C90: 402 | D90: 52611 | E90: 165343 | F90: Lipid | G90: Phosphatidylcholine (PC) | H90: 2357 | I90: NAMED | J90: FAUYAENFVCNTAL-PFFNLMTBSA-N | K90: O=C(CC/C=C\C/C=C\C/C=C\C/C=C\C/C=C\C/C=C\CC)O[C@H](COC(CCCCCCCCCCCCCCCCC)=O)CO[P](OCC[N+](C)(C)C)([O-])=O | L90: 1-stearoyl-2-docosahexaenoyl-GPC (18:0/22:6) | M90: 1-stearoyl-2-docosahexaenoyl-GPC (18:0/22:6) | N90: 59403-52-0 | P90: HMDB0008057 | R90: 24778876 | S90: Pos Late
A91: =_xlfn.CONCAT("metab_compid_", $D91) -> metab_compid_52466 | B91: 100008992 | C91: 402 | D91: 52466 | E91: 165134 | F91: Lipid | G91: Phosphatidylethanolamine (PE) | H91: 2460 | I91: NAMED | J91: XYYHNDVKALDFHQ-OXHZBIAZSA-N | K91: O=C(CCCCCCCCCCCCCCCCC)OC[C@]([H])(COP(OCCN)(O)=O)OC(CC/C=C\C/C=C\C/C=C\C/C=C\C/C=C\C/C=C\CC)=O | L91: 1-stearoyl-2-docosahexaenoyl-GPE (18:0/22:6)* | M91: 1-stearoyl-2-docosahexaenoyl-GPE (18:0/22:6)* | O91: 7825748 | P91: HMDB0009012 | R91: 9546798 | S91: Pos Late
A92: =_xlfn.CONCAT("metab_compid_", $D92) -> metab_compid_52452 | B92: 100008980 | C92: 402 | D92: 52452 | E92: 165115 | F92: Lipid | G92: Phosphatidylcholine (PC) | H92: 2343 | I92: NAMED | J92: FORFDCPQKJHEBF-JEFUZMEDSA-N | K92: CCCCCCCCCCCCCCCCCC(OCC(OC(CCCCCCC/C=C/C/C=C/CCCCC)=O)COP([O-])(OCC[N+](C)(C)C)=O)=O | L92: 1-stearoyl-2-linoleoyl-GPC (18:0/18:2)* | M92: 1-stearoyl-2-linoleoyl-GPC (18:0/18:2)* | P92: HMDB0008039 | R92: 6441487 | S92: Pos Late
A93: =_xlfn.CONCAT("metab_compid_", $D93) -> metab_compid_52446 | B93: 100008976 | C93: 402 | D93: 52446 | E93: 165108 | F93: Lipid | G93: Phosphatidylethanolamine (PE) | H93: 2447 | I93: NAMED | J93: YDTWOEYVDRKKCR-KNERPIHHSA-N | K93: O=C(CCCCCCCCCCCCCCCCC)OC[C@]([H])(COP(OCCN)(O)=O)OC(CCCCCCC/C=C\C/C=C\CCCCC)=O | L93: 1-stearoyl-2-linoleoyl-GPE (18:0/18:2)* | M93: 1-stearoyl-2-linoleoyl-GPE (18:0/18:2)* | O93: 7825699 | P93: HMDB0008994 | R93: 9546749 | S93: Pos Late
A94: =_xlfn.CONCAT("metab_compid_", $D94) -> metab_compid_52468 | B94: 100008994 | C94: 402 | D94: 52468 | E94: 208084 | F94: Lipid | G94: Phosphatidylinositol (PI) | H94: 2561 | I94: NAMED | J94: KZVRAFHIKMDULK-HAVSRZFESA-N | K94: O=C(CCCCCCCCCCCCCCCCC)OC[C@@]([H])(OC(CCCCCCC/C=C\C/C=C\CCCCC)=O)COP(O[C@H]1[C@H](O)[C@@H](O)[C@H](O)[C@@H](O)[C@H]1O)(O)=O | L94: 1-stearoyl-2-linoleoyl-GPI (18:0/18:2) | M94: 1-stearoyl-2-linoleoyl-GPI (18:0/18:2) | O94: 24767694 | P94: HMDB0009809 | S94: Pos Late
A95: =_xlfn.CONCAT("metab_compid_", $D95) -> metab_compid_52438 | B95: 100008904 | C95: 402 | D95: 52438 | E95: 164562 | F95: Lipid | G95: Phosphatidylcholine (PC) | H95: 2340 | I95: NAMED | J95: ATHVAWFAEPLPPQ-VRDBWYNSSA-N | K95: O=C(CCCCCCCCCCCCCCCCC)OC[C@]([H])(COP(OCC[N+](C)(C)C)([O-])=O)OC(CCCCCCC/C=C\CCCCCCCC)=O | L95: 1-stearoyl-2-oleoyl-GPC (18:0/18:1) | M95: 1-stearoyl-2-oleoyl-GPC (18:0/18:1) | N95: 56421-10-4 | O95: 24766704 | P95: HMDB0008038 | R95: 24778825 | S95: Pos Late
A96: =_xlfn.CONCAT("metab_compid_", $D96) -> metab_compid_42448 | B96: 100001856 | C96: 402 | D96: 42448 | E96: 164202 | F96: Lipid | G96: Phosphatidylethanolamine (PE) | H96: 2443 | I96: NAMED | J96: JQKOHRZNEOQNJE-AYBNWLFXSA-N | K96: O=C(CCCCCCC/C=C/CCCCCCCC)O[C@@H](COP(OCCN)(O)=O)COC(CCCCCCCCCCCCCCCCC)=O | L96: 1-stearoyl-2-oleoyl-GPE (18:0/18:1) | M96: 1-stearoyl-2-oleoyl-GPE (18:0/18:1) | P96: HMDB0008993 | R96: 9546742 | S96: Pos Late
A97: =_xlfn.CONCAT("metab_compid_", $D97) -> metab_compid_33961 | B97: 100001271 | C97: 402 | D97: 33961 | E97: 158603 | F97: Lipid | G97: Lysophospholipid | H97: 2629 | I97: NAMED | J97: IHNKQIMGVNPMTC-RUZDIDTESA-N | K97: O[C@H](COC(CCCCCCCCCCCCCCCCC)=O)COP(OCC[N+](C)(C)C)([O-])=O | L97: 1-stearoyl-GPC (18:0) | M97: 1-stearoyl-GPC (18:0) | N97: 19420-57-6 | O97: 435389 | P97: HMDB0010384 | R97: 497300 | S97: Pos Late
A98: =_xlfn.CONCAT("metab_compid_", $D98) -> metab_compid_42398 | B98: 100001461 | C98: 402 | D98: 42398 | E98: 159466 | F98: Lipid | G98: Lysophospholipid | H98: 2687 | I98: NAMED | J98: BBYWOYAFBUOUFP-JOCHJYFZSA-N | K98: O=P(OCC[NH3+])([O-])OC[C@H](O)COC(CCCCCCCCCCCCCCCCC)=O | L98: 1-stearoyl-GPE (18:0) | M98: 1-stearoyl-GPE (18:0) | N98: 69747-55-3 | O98: 7826018 | P98: HMDB0011130 | R98: 9547068 | S98: Pos Late
A99: =_xlfn.CONCAT("metab_compid_", $D99) -> metab_compid_34437 | B99: 100001462 | C99: 209 | D99: 34437 | E99: 126952 | F99: Lipid | G99: Lysophospholipid | H99: 2729 | I99: NAMED | J99: HFJVKBVEKQHVTO-OZAIVSQSSA-N | K99: O=P(OCC(O)CO)(O)OC[C@H](O)COC(CCCCCCCCCCCCCCCCC)=O | L99: 1-stearoyl-GPG (18:0) | M99: 1-stearoyl-GPG (18:0) | O99: 21403138 | S99: Neg
A100: =_xlfn.CONCAT("metab_compid_", $D100) -> metab_compid_19324 | B100: 100000656 | C100: 209 | D100: 19324 | E100: 128173 | F100: Lipid | G100: Lysophospholipid | H100: 2739 | I100: NAMED | J100: MXAFDFDAIFZFET-CLBYPKMISA-N | K100: [H]C(C(O)(C(O)([C@](O)1[H])[H])[H])([C@@](OP(O)(OC[C@@]([H])(COC(CCCCCCCCCCCCCCCCC)=O)O)=O)([C@]1(O)[H])[H])O | L100: 1-stearoyl-GPI (18:0) | M100: 1-stearoyl-GPI (18:0) | N100: 796963-93-4 | O100: 21403067 | P100: HMDB0240261 | R100: 71581135,42607495 | S100: Neg
...

Sheet bbs_nightingale
A1: id | B1: feature_names | C1: raw.label | D1: class | E1: subclass | F1: label | G1: label.no.units
A2: =_xlfn.CONCAT("metab_", $B2) -> metab_acetate | B2: acetate | C2: Acetate | D2: Ketone bodies | E2: Ketone bodies | F2: Acetate (mmol/l) | G2: Acetate
A3: =_xlfn.CONCAT("metab_", $B3) -> metab_acetoacetate | B3: acetoacetate | C3: Acetoacetate | D3: Ketone bodies | E3: Ketone bodies | F3: Acetoacetate (mmol/l) | G3: Acetoacetate
A4: =_xlfn.CONCAT("metab_", $B4) -> metab_acetone | B4: acetone | C4: Acetone | D4: Ketone bodies | E4: Ketone bodies | F4: Acetone (mmol/l) | G4: Acetone
A5: =_xlfn.CONCAT("metab_", $B5) -> metab_ala | B5: ala | C5: Alanine (mmol/l) | D5: Amino acids | E5: Amino acids | F5: Alanine (mmol/l) | G5: Alanine
A6: =_xlfn.CONCAT("metab_", $B6) -> metab_albumin | B6: albumin | C6: Albumin | D6: Fluid balance | E6: Fluid balance | F6: Albumin (g/l) | G6: Albumin
A7: =_xlfn.CONCAT("metab_", $B7) -> metab_apoa1 | B7: apoa1 | C7: Apolipoprotein A-I (g/l) | D7: Apolipoproteins | E7: Apolipoproteins | F7: Apolipoprotein A-I (g/l) | G7: Apolipoprotein A-I
A8: =_xlfn.CONCAT("metab_", $B8) -> metab_apob | B8: apob | C8: Apolipoprotein B (g/l) | D8: Apolipoproteins | E8: Apolipoproteins | F8: Apolipoprotein B (g/l) | G8: Apolipoprotein B
A9: =_xlfn.CONCAT("metab_", $B9) -> metab_apobapoa1 | B9: apobapoa1 | C9: Ratio of apolipoprotein B to apolipoprotein A-I | D9: Apolipoproteins | E9: Apolipoproteins | F9: Apolipoprotein B/A-I (g/l) | G9: Apolipoprotein B/A-I
A10: =_xlfn.CONCAT("metab_", $B10) -> metab_bohbutyrate | B10: bohbutyrate | C10: bOHbutyrate | D10: Ketone bodies | E10: Ketone bodies | F10: 3-Hydroxybutyrate (mmol/l) | G10: 3-Hydroxybutyrate
A11: =_xlfn.CONCAT("metab_", $B11) -> metab_cholines | B11: cholines | C11: Cholines | D11: Other lipids | E11: Other lipids | F11: Total cholines (mmol/l) | G11: Total cholines
A12: =_xlfn.CONCAT("metab_", $B12) -> metab_citrate | B12: citrate | C12: Citrate | D12: Glycolysis related metabolites | E12: Glycolysis related metabolites | F12: Citrate (mmol/l) | G12: Citrate
A13: =_xlfn.CONCAT("metab_", $B13) -> metab_clinicalldlc | B13: clinicalldlc | C13: Clinical LDL-C | D13: Cholesterol | E13: Cholesterol | F13: Clinical LDL cholesterol (mmol/l) | G13: Clinical LDL cholesterol
... A251: =_xlfn.CONCAT("metab_", $B251) -> metab_xxlvldltgpct | B251: xxlvldltgpct | C251: Triglycerides in chylomicrons and extremely large VLDL to total lipids in chylomicrons and extremely large VLDL ratio (%) | D251: Lipoprotein subclasses ratios | E251: Extremely large VLDL ratios | F251: Triglycerides (mmol/l) | G251: Ratio

Sheet direct_metabolon
A1: id | B1: compid_to_match | C1: pathway.sortorder | D1: biochemical | E1: SUPER_PATHWAY | F1: sub.pathway | G1: comp.id | H1: platform | I1: chemical.id | J1: ri | K1: mass | L1: cas | M1: pubchem | N1: kegg | O1: hmdb | P1: feature_names
A2: =_xlfn.CONCAT("metab_compid_", $G2) -> metab_compid_57814 | B2: compid57814 | C2: 426 | D2: (N(1) + N(8))-acetylspermidine | E2: Amino Acid | F2: Polyamine Metabolism | G2: 57814 | H2: posearly | I2: 100016038 | J2: 3080 | K2: 188.17574 | L2: NA | M2: NA | N2: NA | O2: NA | P2: compid57814
A3: =_xlfn.CONCAT("metab_compid_", $G3) -> metab_compid_52603 | B3: compid52603 | C3: 1852 | D3: 1,2-dilinoleoyl-GPC (18:2/18:2) | E3: Lipid | F3: Phosphatidylcholine (PC) | G3: 52603 | H3: poslate | I3: 100008903 | J3: 2006 | K3: 782.56944 | L3: 998-06-1 | M3: 5288075 | N3: NA | O3: HMDB08138 | P3: compid52603
A4: =_xlfn.CONCAT("metab_compid_", $G4) -> metab_compid_19130 | B4: compid19130 | C4: 1778 | D4: 1,2-dipalmitoyl-GPC (16:0/16:0) | E4: Lipid | F4: Phosphatidylcholine (PC) | G4: 19130 | H4: poslate | I4: 100000657 | J4: 2365 | K4: 734.56944 | L4: 63-89-8 | M4: 452110 | N4: NA | O4: HMDB00564 | P4: compid19130
A5: =_xlfn.CONCAT("metab_compid_", $G5) -> metab_compid_20675 | B5: compid20675 | C5: 926 | D5: 1,5-anhydroglucitol (1,5-AG) | E5: Carbohydrate | F5: Glycolysis, Gluconeogenesis, and Pyruvate Metabolism | G5: 20675 | H5: neg | I5: 100000580 | J5: 802 | K5: 163.06119 | L5: 154-58-5 | M5: 64960 | N5: C07326 | O5: HMDB02712 | P5: compid20675
A6: =_xlfn.CONCAT("metab_compid_", $G6) -> metab_compid_44621 | B6: compid44621 | C6: 2282 | D6: 1-(1-enyl-oleoyl)-GPE (P-18:1)* | E6: Lipid | F6: Lysoplasmalogen | G6: 44621 | H6: poslate | I6: 100005372 | J6: 1566 | K6: 464.3136 | L6: NA | M6: NA | N6: NA | O6: NA | P6: compid44621
A7: =_xlfn.CONCAT("metab_compid_", $G7) -> metab_compid_52689 | B7: compid52689 | C7: 2260 | D7: 1-(1-enyl-palmitoyl)-2-arachidonoyl-GPC (P-16:0/20:4)* | E7: Lipid | F7: Plasmalogen | G7: 52689 | H7: poslate | I7: 100009014 | J7: 2154 | K7: 766.57452 | L7: NA | M7: NA | N7: NA | O7: HMDB11220 | P7: compid52689
A8: =_xlfn.CONCAT("metab_compid_", $G8) -> metab_compid_52673 | B8: compid52673 | C8: 2252 | D8: 1-(1-enyl-palmitoyl)-2-arachidonoyl-GPE (P-16:0/20:4)* | E8: Lipid | F8: Plasmalogen | G8: 52673 | H8: poslate | I8: 100009002 | J8: 2270 | K8: 724.52757 | L8: NA | M8: NA | N8: NA | O8: HMDB11352 | P8: compid52673
A9: =_xlfn.CONCAT("metab_compid_", $G9) -> metab_compid_52682 | B9: compid52682 | C9: 2261 | D9: 1-(1-enyl-palmitoyl)-2-linoleoyl-GPC (P-16:0/18:2)* | E9: Lipid | F9: Plasmalogen | G9: 52682 | H9: poslate | I9: 100009009 | J9: 2226 | K9: 742.57452 | L9: NA | M9: NA | N9: NA | O9: HMDB11211 | P9: compid52682
A10: =_xlfn.CONCAT("metab_compid_", $G10) -> metab_compid_52677 | B10: compid52677 | C10: 2249 | D10: 1-(1-enyl-palmitoyl)-2-linoleoyl-GPE (P-16:0/18:2)* | E10: Lipid | F10: Plasmalogen | G10: 52677 | H10: poslate | I10: 100009069 | J10: 2351 | K10: 700.52757 | L10: NA | M10: NA | N10: NA | O10: HMDB11343 | P10: compid52677
A11: =_xlfn.CONCAT("metab_compid_", $G11) -> metab_compid_52478 | B11: compid52478 | C11: 2254 | D11: 1-(1-enyl-palmitoyl)-2-oleoyl-GPC (P-16:0/18:1)* | E11: Lipid | F11: Plasmalogen | G11: 52478 | H11: poslate | I11: 100009007 | J11: 2443 | K11: 744.59017 | L11: NA | M11: NA | N11: NA | O11: NA | P11: compid52478
A12: =_xlfn.CONCAT("metab_compid_", $G12) -> metab_compid_52477 | B12: compid52477 | C12: 2248 | D12: 1-(1-enyl-palmitoyl)-2-oleoyl-GPE (P-16:0/18:1)* | E12: Lipid | F12: Plasmalogen | G12: 52477 | H12: poslate | I12: 100009005 | J12: 2600 | K12: 702.54322 | L12: NA | M12: NA | N12: NA | O12: HMDB11342 | P12: compid52477
A13: =_xlfn.CONCAT("metab_compid_", $G13) -> metab_compid_52713 | B13: compid52713 | C13: 2251 | D13: 1-(1-enyl-palmitoyl)-2-palmitoleoyl-GPC (P-16:0/16:1)* | E13: Lipid | F13: Plasmalogen | G13: 52713 | H13: poslate | I13: 100009160 | J13: 2218 | K13: 716.55887 | L13: NA | M13: NA | N13: NA | O13: HMDB11207 | P13: compid52713
A14: =_xlfn.CONCAT("metab_compid_", $G14) -> metab_compid_52716 | B14: compid52716 | C14: 2250 | D14: 1-(1-enyl-palmitoyl)-2-palmitoyl-GPC (P-16:0/16:0)* | E14: Lipid | F14: Plasmalogen | G14: 52716 | H14: poslate | I14: 100009162 | J14: 2454 | K14: 718.57452 | L14: NA | M14: 11146967 | N14: NA | O14: HMDB11206 | P14: compid52716
A15: =_xlfn.CONCAT("metab_compid_", $G15) -> metab_compid_52474 | B15: compid52474 | C15: 2279 | D15: 1-(1-enyl-palmitoyl)-GPC (P-16:0)* | E15: Lipid | F15: Lysoplasmalogen | G15: 52474 | H15: poslate | I15: 100002875 | J15: 1547 | K15: 480.34485 | L15: NA | M15: 10917802 | N15: NA | O15: HMDB10407 | P15: compid52474
A16: =_xlfn.CONCAT("metab_compid_", $G16) -> metab_compid_39270 | B16: compid39270 | C16: 2280 | D16: 1-(1-enyl-palmitoyl)-GPE (P-16:0)* | E16: Lipid | F16: Lysoplasmalogen | G16: 39270 | H16: poslate | I16: 100003000 | J16: 1558 | K16: 438.2979 | L16: NA | M16: NA | N16: NA | O16: NA | P16: compid39270
A17: =_xlfn.CONCAT("metab_compid_", $G17) -> metab_compid_52475 | B17: compid52475 | C17: 2265 | D17: 1-(1-enyl-stearoyl)-2-arachidonoyl-GPE (P-18:0/20:4)* | E17: Lipid | F17: Plasmalogen | G17: 52475 | H17: poslate | I17: 100008999 | J17: 2511 | K17: 752.55887 | L17: NA | M17: 9547058 | N17: NA | O17: HMDB05779 | P17: compid52475
A18: =_xlfn.CONCAT("metab_compid_", $G18) -> metab_compid_52748 | B18: compid52748 | C18: 2257 | D18: 1-(1-enyl-stearoyl)-2-linoleoyl-GPE (P-18:0/18:2)* | E18: Lipid | F18: Plasmalogen | G18: 52748 | H18: poslate | I18: 100009225 | J18: 2633 | K18: 728.55887 | L18: NA | M18: NA | N18: NA | O18: HMDB11376 | P18: compid52748
A19: =_xlfn.CONCAT("metab_compid_", $G19) -> metab_compid_52614 | B19: compid52614 | C19: 2256 | D19: 1-(1-enyl-stearoyl)-2-oleoyl-GPE (P-18:0/18:1) | E19: Lipid | F19: Plasmalogen | G19: 52614 | H19: poslate | I19: 100008919 | J19: 2950 | K19: 730.57452 | L19: 144371-68-6 | M19: NA | N19: NA | O19: HMDB11375 | P19: compid52614
A20: =_xlfn.CONCAT("metab_compid_", $G20) -> metab_compid_39271 | B20: compid39271 | C20: 2284 | D20: 1-(1-enyl-stearoyl)-GPE (P-18:0)* | E20: Lipid | F20: Lysoplasmalogen | G20: 39271 | H20: poslate | I20: 100003001 | J20: 1649 | K20: 466.3292 | L20: NA | M20: NA | N20: NA | O20: NA | P20: compid39271
A21: =_xlfn.CONCAT("metab_compid_", $G21) -> metab_compid_46325 | B21: compid46325 | C21: 2046 | D21: 1-arachidonoyl-GPA (20:4) | E21: Lipid | F21: Lysophospholipid | G21: 46325 | H21: neg | I21: 100004442 | J21: 5499 | K21: 457.23606 | L21: 799268-65-8 | M21: NA | N21: NA | O21: NA | P21: compid46325
A22: =_xlfn.CONCAT("metab_compid_", $G22) -> metab_compid_33228 | B22: compid33228 | C22: 2083 | D22: 1-arachidonoyl-GPC (20:4n6)* | E22: Lipid | F22: Lysophospholipid | G22: 33228 | H22: poslate | I22: 100001551 | J22: 1460 | K22: 544.33977 | L22: NA | M22: NA | N22: C05208 | O22: HMDB10395 | P22: compid33228
A23: =_xlfn.CONCAT("metab_compid_", $G23) -> metab_compid_35186 | B23: compid35186 | C23: 2123 | D23: 1-arachidonoyl-GPE (20:4n6)* | E23: Lipid | F23: Lysophospholipid | G23: 35186 | H23: poslate | I23: 100001571 | J23: 1470 | K23: 502.29282 | L23: NA | M23: 42607465 | N23: NA | O23: HMDB11517 | P23: compid35186
A24: =_xlfn.CONCAT("metab_compid_", $G24) -> metab_compid_34214 | B24: compid34214 | C24: 2157 | D24: 1-arachidonoyl-GPI (20:4)* | E24: Lipid | F24: Lysophospholipid | G24: 34214 | H24: neg | I24: 100001654 | J24: 5482 | K24: 619.28888 | L24: NA | M24: NA | N24: NA | O24: HMDB61690 | P24: compid34214
A25: =_xlfn.CONCAT("metab_compid_", $G25) -> metab_compid_34397 | B25: compid34397 | C25: 2308 | D25: 1-arachidonylglycerol (20:4) | E25: Lipid | F25: Monoacylglycerol | G25: 34397 | H25: neg | I25: 100001433 | J25: 6250 | K25: 303.23293 | L25: 35474-99-8 | M25: 5282281 | N25: C13857 | O25: HMDB11549 | P25: compid34397
A26: =_xlfn.CONCAT("metab_compid_", $G26) -> metab_compid_64879 | B26: compid64879 | C26: 295 | D26: N-lactoyl isoleucine | E26: Amino Acid | F26: Leucine, Isoleucine and Valine Metabolism | G26: 64879 | H26: neg | I26: 100022479 | J26: 2628 | K26: 202.10848 | L26: 210769-85-0 | M26: 85541231 | N26: NA | O26: HMDB0062180 | P26: compid64879
A27: =_xlfn.CONCAT("metab_compid_", $G27) -> metab_compid_64880 | B27: compid64880 | C27: 259 | D27: N-lactoyl leucine | E27: Amino Acid | F27: Leucine, Isoleucine and Valine Metabolism | G27: 64880 | H27: neg | I27: 100022480 | J27: 2663 | K27: 202.10848 | L27: 210769-82-7 | M27: 57329455 | N27: NA | O27: HMDB0062176 | P27: compid64880
A28: =_xlfn.CONCAT("metab_compid_", $G28) -> metab_compid_64881 | B28: compid64881 | C28: 118 | D28: N-lactoyl phenylalanine | E28: Amino Acid | F28: Phenylalanine Metabolism | G28: 64881 | H28: neg | I28: 100022482 | J28: 2844 | K28: 236.09283 | L28: 183241-73-8 | M28: 11075454 | N28: NA | O28: HMDB0062175 | P28: compid64881
A29: =_xlfn.CONCAT("metab_compid_", $G29) -> metab_compid_64882 | B29: compid64882 | C29: 134 | D29: N-lactoyl tyrosine | E29: Amino Acid | F29: Tyrosine Metabolism | G29: 64882 | H29: neg | I29: 100022484 | J29: 1846 | K29: 252.08774 | L29: 1373771-50-6 | M29: 22167491 | N29: NA | O29: HMDB0062177 | P29: compid64882
A30: =_xlfn.CONCAT("metab_compid_", $G30) -> metab_compid_64883 | B30: compid64883 | C30: 316 | D30: N-lactoyl valine | E30: Amino Acid | F30: Leucine, Isoleucine and Valine Metabolism | G30: 64883 | H30: neg | I30: 100022485 | J30: 2008 | K30: 188.09283 | L30: 21753-44-6 | M30: 131770417 | N30: NA | O30: HMDB0062181 | P30: compid64883
A31: =_xlfn.CONCAT("metab_compid_", $G31) -> metab_compid_48341 | B31: compid48341 | C31: 2307 | D31: 1-dihomo-linolenylglycerol (20:3) | E31: Lipid | F31: Monoacylglycerol | G31: 48341 | H31: neg | I31: 100006121 | J31: 6400 | K31: 305.24858 | L31: NA | M31: NA | N31: NA | O31: NA | P31: compid48341
A32: =_xlfn.CONCAT("metab_compid_", $G32) -> metab_compid_35153 | B32: compid35153 | C32: 2311 | D32: 1-docosahexaenoylglycerol (22:6) | E32: Lipid | F32: Monoacylglycerol | G32: 35153 | H32: neg | I32: 100001481 | J32: 6150 | K32: 309.22236 | L32: NA | M32: NA | N32: NA | O32: HMDB11587 | P32: compid35153
A33: =_xlfn.CONCAT("metab_compid_", $G33) -> metab_compid_45951 | B33: compid45951 | C33: 2068 | D33: 1-linolenoyl-GPC (18:3)* | E33: Lipid | F33: Lysophospholipid | G33: 45951 | H33: poslate | I33: 100005350 | J33: 1410 | K33: 518.32412 | L33: NA | M33: NA | N33: NA | O33: HMDB10388 | P33: compid45951
A34: =_xlfn.CONCAT("metab_compid_", $G34) -> metab_compid_34393 | B34: compid34393 | C34: 2303 | D34: 1-linolenoylglycerol (18:3) | E34: Lipid | F34: Monoacylglycerol | G34: 34393 | H34: neg | I34: 100001435 | J34: 6214 | K34: 277.21728 | L34: 124151-74-2 | M34: 53480978 | N34: NA | O34: HMDB11569 | P34: compid34393
A35: =_xlfn.CONCAT("metab_compid_", $G35) -> metab_compid_52710 | B35: compid52710 | C35: 1856 | D35: 1-linoleoyl-2-arachidonoyl-GPC (18:2/20:4n6)* | E35: Lipid | F35: Phosphatidylcholine (PC) | G35: 52710 | H35: poslate | I35: 100009131 | J35: 1969 | K35: 806.56944 | L35: NA | M35: NA | N35: NA | O35: HMDB08147 | P35: compid52710
A36: =_xlfn.CONCAT("metab_compid_", $G36) -> metab_compid_53176 | B36: compid53176 | C36: 1853 | D36: 1-linoleoyl-2-linolenoyl-GPC (18:2/18:3)* | E36: Lipid | F36: Phosphatidylcholine (PC) | G36: 53176 | H36: poslate | I36: 100009343 | J36: 1939 | K36: 780.55378 | L36: NA | M36: NA | N36: NA | O36: HMDB08141 | P36: compid53176
A37: =_xlfn.CONCAT("metab_compid_", $G37) -> metab_compid_52690 | B37: compid52690 | C37: 2043 | D37: 1-linoleoyl-GPA (18:2)* | E37: Lipid | F37: Lysophospholipid | G37: 52690 | H37: poslate | I37: 100009082 | J37: 1550 | K37: 435.25062 | L37: NA | M37: NA | N37: NA | O37: HMDB07856 | P37: compid52690
A38: =_xlfn.CONCAT("metab_compid_", $G38) -> metab_compid_34419 | B38: compid34419 | C38: 2066 | D38: 1-linoleoyl-GPC (18:2) | E38: Lipid | F38: Lysophospholipid | G38: 34419 | H38: poslate | I38: 100001395 | J38: 1465 | K38: 520.33977 | L38: NA | M38: 11988421 | N38: C04100 | O38: HMDB10386 | P38: compid34419
A39: =_xlfn.CONCAT("metab_compid_", $G39) -> metab_compid_36600 | B39: compid36600 | C39: 2112 | D39: 1-linoleoyl-GPE (18:2)* | E39: Lipid | F39: Lysophospholipid | G39: 36600 | H39: poslate | I39: 100001570 | J39: 1482 | K39: 478.29282 | L39: NA | M39: 52925130 | N39: NA | O39: HMDB11507 | P39: compid36600
A40: =_xlfn.CONCAT("metab_compid_", $G40) -> metab_compid_54885 | B40: compid54885 | C40: 2145 | D40: 1-linoleoyl-GPG (18:2)* | E40: Lipid | F40: Lysophospholipid | G40: 54885 | H40: neg | I40: 100009227 | J40: 5516 | K40: 507.27284 | L40: NA | M40: NA | N40: NA | O40: NA | P40: compid54885
A41: =_xlfn.CONCAT("metab_compid_", $G41) -> metab_compid_36594 | B41: compid36594 | C41: 2153 | D41: 1-linoleoyl-GPI (18:2)* | E41: Lipid | F41: Lysophospholipid | G41: 36594 | H41: neg | I41: 100001778 | J41: 5494 | K41: 595.28888 | L41: NA | M41: NA | N41: NA | O41: NA | P41: compid36594
A42: =_xlfn.CONCAT("metab_compid_", $G42) -> metab_compid_27447 | B42: compid27447 | C42: 2302 | D42: 1-linoleoylglycerol (18:2) | E42: Lipid | F42: Monoacylglycerol | G42: 27447 | H42: neg | I42: 100001040 | J42: 6477 | K42: 279.23293 | L42: 2277-28-3 | M42: 5283469 | N42: NA | O42: NA | P42: compid27447
A43: =_xlfn.CONCAT("metab_compid_", $G43) -> metab_compid_32350 | B43: compid32350 | C43: 83 | D43: 1-methyl-4-imidazoleacetate | E43: Amino Acid | F43: Histidine Metabolism | G43: 32350 | H43: posearly | I43: 100001208 | J43: 2064 | K43: 141.06586 | L43: 2625-49-2 | M43: 75810 | N43: C05828 | O43: HMDB02820 | P43: compid32350
A44: =_xlfn.CONCAT("metab_compid_", $G44) -> metab_compid_30460 | B44: compid30460 | C44: 66 | D44: 1-methylhistidine | E44: Amino Acid | F44: Histidine Metabolism | G44: 30460 | H44: neg | I44: 100001051 | J44: 1227 | K44: 168.07785 | L44: 332-80-9 | M44: 92105 | N44: C01152 | O44: HMDB00001 | P44: compid30460
A45: =_xlfn.CONCAT("metab_compid_", $G45) -> metab_compid_27665 | B45: compid27665 | C45: 3563 | D45: 1-methylnicotinamide | E45: Cofactors and Vitamins | F45: Nicotinate and Nicotinamide Metabolism | G45: 27665 | H45: posearly | I45: 55 | J45: 1940 | K45: 137.07094 | L45: 1005-24-9 | M45: 10129985 | N45: C02918 | O45: HMDB00699 | P45: compid27665
A46: =_xlfn.CONCAT("metab_compid_", $G46) -> metab_compid_53195 | B46: compid53195 | C46: 1768 | D46: 1-myristoyl-2-arachidonoyl-GPC (14:0/20:4)* | E46: Lipid | F46: Phosphatidylcholine (PC) | G46: 53195 | H46: poslate | I46: 100009139 | J46: 1914 | K46: 754.53813 | L46: NA | M46: NA | N46: NA | O46: HMDB07883 | P46: compid53195
A47: =_xlfn.CONCAT("metab_compid_", $G47) -> metab_compid_19258 | B47: compid19258 | C47: 1764 | D47: 1-myristoyl-2-palmitoyl-GPC (14:0/16:0) | E47: Lipid | F47: Phosphatidylcholine (PC) | G47: 19258 | H47: poslate | I47: 100000672 | J47: 2147 | K47: 706.53813 | L47: 69525-80-0 | M47: 129657 | N47: NA | O47: HMDB07869 | P47: compid19258
A48: =_xlfn.CONCAT("metab_compid_", $G48) -> metab_compid_35625 | B48: compid35625 | C48: 2294 | D48: 1-myristoylglycerol (14:0) | E48: Lipid | F48: Monoacylglycerol | G48: 35625 | H48: neg | I48: 100001618 | J48: 6353.3 | K48: 227.20163 | L48: 75685-84-6 | M48: 79050 | N48: C01885 | O48: HMDB11561 | P48: compid35625
A49: =_xlfn.CONCAT("metab_compid_", $G49) -> metab_compid_55041 | B49: compid55041 | C49: 1928 | D49: 1-oleoyl-2-arachidonoyl-GPE (18:1/20:4)* | E49: Lipid | F49: Phosphatidylethanolamine (PE) | G49: 55041 | H49: poslate | I49: 100009219 | J49: 2200 | K49: 766.53813 | L49: NA | M49: NA | N49: NA | O49: HMDB09069 | P49: compid55041
A50: =_xlfn.CONCAT("metab_compid_", $G50) -> metab_compid_52697 | B50: compid52697 | C50: 1851 | D50: 1-oleoyl-2-docosahexaenoyl-GPC (18:1/22:6)* | E50: Lipid | F50: Phosphatidylcholine (PC) | G50: 52697 | H50: poslate | I50: 100009130 | J50: 2011 | K50: 832.58509 | L50: NA | M50: NA | N50: NA | O50: HMDB08123 | P50: compid52697
A51: =_xlfn.CONCAT("metab_compid_", $G51) -> metab_compid_52687 | B51: compid52687 | C51: 1925 | D51: 1-oleoyl-2-linoleoyl-GPE (18:1/18:2)* | E51: Lipid | F51: Phosphatidylethanolamine (PE) | G51: 52687 | H51: poslate | I51: 100009078 | J51: 2270 | K51: 742.53813 | L51: NA | M51: 9546753 | N51: NA | O51: HMDB05349 | P51: compid52687
A52: =_xlfn.CONCAT("metab_compid_", $G52) -> metab_compid_48258 | B52: compid48258 | C52: 2063 | D52: 1-oleoyl-GPC (18:1) | E52: Lipid | F52: Lysophospholipid | G52: 48258 | H52: poslate | I52: 100001272 | J52: 1540 | K52: 522.35542 | L52: 19420-56-5 | M52: 16081932 | N52: NA | O52: HMDB02815 | P52: compid48258
A53: =_xlfn.CONCAT("metab_compid_", $G53) -> metab_compid_35628 | B53: compid35628 | C53: 2110 | D53: 1-oleoyl-GPE (18:1) | E53: Lipid | F53: Lysophospholipid | G53: 35628 | H53: poslate | I53: 100001569 | J53: 1554 | K53: 480.30847 | L53: 89576-29-4 | M53: 9547071 | N53: NA | O53: HMDB11506 | P53: compid35628
A54: =_xlfn.CONCAT("metab_compid_", $G54) -> metab_compid_45968 | B54: compid45968 | C54: 2143 | D54: 1-oleoyl-GPG (18:1)* | E54: Lipid | F54: Lysophospholipid | G54: 45968 | H54: neg | I54: 100005716 | J54: 5610 | K54: 509.28849 | L54: NA | M54: NA | N54: NA | O54: NA | P54: compid45968
A55: =_xlfn.CONCAT("metab_compid_", $G55) -> metab_compid_36602 | B55: compid36602 | C55: 2151 | D55: 1-oleoyl-GPI (18:1)* | E55: Lipid | F55: Lysophospholipid | G55: 36602 | H55: neg | I55: 100001777 | J55: 5599 | K55: 597.30453 | L55: NA | M55: NA | N55: NA | O55: NA | P55: compid36602
A56: =_xlfn.CONCAT("metab_compid_", $G56) -> metab_compid_21184 | B56: compid21184 | C56: 2301 | D56: 1-oleoylglycerol (18:1) | E56: Lipid | F56: Monoacylglycerol | G56: 21184 | H56: neg | I56: 100000924 | J56: 6650 | K56: 281.24858 | L56: 111-03-5 | M56: 5283468 | N56: NA | O56: HMDB11567 | P56: compid21184
A57: =_xlfn.CONCAT("metab_compid_", $G57) -> metab_compid_53180 | B57: compid53180 | C57: 1807 | D57: 1-palmitoleoyl-2-linolenoyl-GPC (16:1/18:3)* | E57: Lipid | F57: Phosphatidylcholine (PC) | G57: 53180 | H57: poslate | I57: 100009345 | J57: 1850 | K57: 754.53813 | L57: NA | M57: NA | N57: NA | O57: HMDB08008 | P57: compid53180
A58: =_xlfn.CONCAT("metab_compid_", $G58) -> metab_compid_33230 | B58: compid33230 | C58: 2055 | D58: 1-palmitoleoyl-GPC (16:1)* | E58: Lipid | F58: Lysophospholipid | G58: 33230 | H58: poslate | I58: 100001511 | J58: 1450 | K58: 494.32412 | L58: NA | M58: 24779461 | N58: NA | O58: HMDB10383 | P58: compid33230
A59: =_xlfn.CONCAT("metab_compid_", $G59) -> metab_compid_52431 | B59: compid52431 | C59: 2298 | D59: 1-palmitoleoylglycerol (16:1)* | E59: Lipid | F59: Monoacylglycerol | G59: 52431 | H59: neg | I59: 100008952 | J59: 6094 | K59: 253.21727 | L59: NA | M59: NA | N59: NA | O59: HMDB11565 | P59: compid52431
A60: =_xlfn.CONCAT("metab_compid_", $G60) -> metab_compid_52462 | B60: compid52462 | C60: 1795 | D60: 1-palmitoyl-2-arachidonoyl-GPC (16:0/20:4n6) | E60: Lipid | F60: Phosphatidylcholine (PC) | G60: 52462 | H60: poslate | I60: 100008914 | J60: 2091 | K60: 782.56944 | L60: 35418-58-7 | M60: 10747814 | N60: NA | O60: HMDB07982 | P60: compid52462
A61: =_xlfn.CONCAT("metab_compid_", $G61) -> metab_compid_52464 | B61: compid52464 | C61: 1902 | D61: 1-palmitoyl-2-arachidonoyl-GPE (16:0/20:4)* | E61: Lipid | F61: Phosphatidylethanolamine (PE) | G61: 52464 | H61: poslate | I61: 100008990 | J61: 2198 | K61: 740.52248 | L61: NA | M61: 9546800 | N61: NA | O61: HMDB05323 | P61: compid52464
A62: =_xlfn.CONCAT("metab_compid_", $G62) -> metab_compid_52467 | B62: compid52467 | C62: 2001 | D62: 1-palmitoyl-2-arachidonoyl-GPI (16:0/20:4)* | E62: Lipid | F62: Phosphatidylinositol (PI) | G62: 52467 | H62: poslate | I62: 100008993 | J62: 2567 | K62: 876.55966 | L62: NA | M62: NA | N62: NA | O62: HMDB09789 | P62: compid52467
A63: =_xlfn.CONCAT("metab_compid_", $G63) -> metab_compid_52454 | B63: compid52454 | C63: 1791 | D63: 1-palmitoyl-2-dihomo-linolenoyl-GPC (16:0/20:3n3 or 6)* | E63: Lipid | F63: Phosphatidylcholine (PC) | G63: 52454 | H63: poslate | I63: 100008985 | J63: 2199 | K63: 784.58509 | L63: NA | M63: NA | N63: NA | O63: NA | P63: compid52454
A64: =_xlfn.CONCAT("metab_compid_", $G64) -> metab_compid_52610 | B64: compid52610 | C64: 1801 | D64: 1-palmitoyl-2-docosahexaenoyl-GPC (16:0/22:6) | E64: Lipid | F64: Phosphatidylcholine (PC) | G64: 52610 | H64: poslate | I64: 100008915 | J64: 2023 | K64: 806.56944 | L64: 59403-54-2 | M64: 6441886 | N64: NA | O64: HMDB07991 | P64: compid52610
A65: =_xlfn.CONCAT("metab_compid_", $G65) -> metab_compid_52465 | B65: compid52465 | C65: 1904 | D65: 1-palmitoyl-2-docosahexaenoyl-GPE (16:0/22:6)* | E65: Lipid | F65: Phosphatidylethanolamine (PE) | G65: 52465 | H65: poslate | I65: 100008991 | J65: 2119 | K65: 764.52248 | L65: NA | M65: 9546799 | N65: NA | O65: HMDB05324 | P65: compid52465
A66: =_xlfn.CONCAT("metab_compid_", $G66) -> metab_compid_42446 | B66: compid42446 | C66: 1785 | D66: 1-palmitoyl-2-linoleoyl-GPC (16:0/18:2) | E66: Lipid | F66: Phosphatidylcholine (PC) | G66: 42446 | H66: poslate | I66: 1537 | J66: 2160 | K66: 758.56944 | L66: 40811-94-7 | M66: 5287971 | N66: NA | O66: HMDB07973 | P66: compid42446
A67: =_xlfn.CONCAT("metab_compid_", $G67) -> metab_compid_42449 | B67: compid42449 | C67: 1899 | D67: 1-palmitoyl-2-linoleoyl-GPE (16:0/18:2) | E67: Lipid | F67: Phosphatidylethanolamine (PE) | G67: 42449 | H67: poslate | I67: 100001870 | J67: 2275 | K67: 716.52248 | L67: NA | M67: 9546747 | N67: NA | O67: HMDB05322 | P67: compid42449
A68: =_xlfn.CONCAT("metab_compid_", $G68) -> metab_compid_52450 | B68: compid52450 | C68: 1999 | D68: 1-palmitoyl-2-linoleoyl-GPI (16:0/18:2) | E68: Lipid | F68: Phosphatidylinositol (PI) | G68: 52450 | H68: poslate | I68: 1528 | J68: 2730 | K68: 852.55966 | L68: NA | M68: NA | N68: NA | O68: HMDB09784 | P68: compid52450
A69: =_xlfn.CONCAT("metab_compid_", $G69) -> metab_compid_52461 | B69: compid52461 | C69: 1782 | D69: 1-palmitoyl-2-oleoyl-GPC (16:0/18:1) | E69: Lipid | F69: Phosphatidylcholine (PC) | G69: 52461 | H69: poslate | I69: 1539 | J69: 2358 | K69: 760.58509 | L69: 26853-31-6;26853-31-6 | M69: 6436017 | N69: NA | O69: HMDB07972 | P69: compid52461
A70: =_xlfn.CONCAT("metab_compid_", $G70) -> metab_compid_19263 | B70: compid19263 | C70: 1898 | D70: 1-palmitoyl-2-oleoyl-GPE (16:0/18:1) | E70: Lipid | F70: Phosphatidylethanolamine (PE) | G70: 19263 | H70: poslate | I70: 1526 | J70: 2509 | K70: 718.53813 | L70: 26662-94-2 | M70: 5283496 | N70: NA | O70: HMDB05320 | P70: compid19263
A71: =_xlfn.CONCAT("metab_compid_", $G71) -> metab_compid_52669 | B71: compid52669 | C71: 1997 | D71: 1-palmitoyl-2-oleoyl-GPI (16:0/18:1)* | E71: Lipid | F71: Phosphatidylinositol (PI) | G71: 52669 | H71: poslate | I71: 100009066 | J71: 3140 | K71: 854.57531 | L71: NA | M71: NA | N71: NA | O71: HMDB09783 | P71: compid52669
A72: =_xlfn.CONCAT("metab_compid_", $G72) -> metab_compid_52470 | B72: compid52470 | C72: 1779 | D72: 1-palmitoyl-2-palmitoleoyl-GPC (16:0/16:1)* | E72: Lipid | F72: Phosphatidylcholine (PC) | G72: 52470 | H72: poslate | I72: 100008984 | J72: 2160 | K72: 732.55378 | L72: NA | M72: NA | N72: NA | O72: HMDB07969 | P72: compid52470
A73: =_xlfn.CONCAT("metab_compid_", $G73) -> metab_compid_52616 | B73: compid52616 | C73: 1780 | D73: 1-palmitoyl-2-stearoyl-GPC (16:0/18:0) | E73: Lipid | F73: Phosphatidylcholine (PC) | G73: 52616 | H73: poslate | I73: 100008921 | J73: 2653 | K73: 762.60074 | L73: 59403-51-9 | M73: NA | N73: NA | O73: HMDB07970 | P73: compid52616
A74: =_xlfn.CONCAT("metab_compid_", $G74) -> metab_compid_34428 | B74: compid34428 | C74: 2039 | D74: 1-palmitoyl-GPA (16:0) | E74: Lipid | F74: Lysophospholipid | G74: 34428 | H74: neg | I74: 100001445 | J74: 5600 | K74: 409.23606 | L74: 17618-08-5 | M74: 6419701 | N74: C04036 | O74: HMDB00327 | P74: compid34428
A75: =_xlfn.CONCAT("metab_compid_", $G75) -> metab_compid_33955 | B75: compid33955 | C75: 2053 | D75: 1-palmitoyl-GPC (16:0) | E75: Lipid | F75: Lysophospholipid | G75: 33955 | H75: poslate | I75: 100001263 | J75: 1525 | K75: 496.33977 | L75: 17364-16-8 | M75: 86554 | N75: NA | O75: HMDB10382 | P75: compid33955
A76: =_xlfn.CONCAT("metab_compid_", $G76) -> metab_compid_35631 | B76: compid35631 | C76: 2101 | D76: 1-palmitoyl-GPE (16:0) | E76: Lipid | F76: Lysophospholipid | G76: 35631 | H76: poslate | I76: 100001567 | J76: 1544 | K76: 454.29282 | L76: 53862-35-4 | M76: 9547069 | N76: NA | O76: HMDB11503 | P76: compid35631
A77: =_xlfn.CONCAT("metab_compid_", $G77) -> metab_compid_45970 | B77: compid45970 | C77: 2139 | D77: 1-palmitoyl-GPG (16:0)* | E77: Lipid | F77: Lysophospholipid | G77: 45970 | H77: neg | I77: 100005717 | J77: 5570 | K77: 483.27284 | L77: NA | M77: 3300276 | N77: NA | O77: NA | P77: compid45970
A78: =_xlfn.CONCAT("metab_compid_", $G78) -> metab_compid_35305 | B78: compid35305 | C78: 2146 | D78: 1-palmitoyl-GPI (16:0) | E78: Lipid | F78: Lysophospholipid | G78: 35305 | H78: neg | I78: 100001655 | J78: 5564 | K78: 571.28888 | L78: NA | M78: NA | N78: NA | O78: HMDB61695 | P78: compid35305
A79: =_xlfn.CONCAT("metab_compid_", $G79) -> metab_compid_61868 | B79: compid61868 | C79: 84 | D79: 1-ribosyl-imidazoleacetate* | E79: Amino Acid | F79: Histidine Metabolism | G79: 61868 | H79: posearly | I79: 100001668 | J79: 2006 | K79: 259.09247 | L79: 29605-99-0 | M79: 5117448 | N79: C05131 | O79: HMDB02331 | P79: compid61868
A80: =_xlfn.CONCAT("metab_compid_", $G80) -> metab_compid_42450 | B80: compid42450 | C80: 1828 | D80: 1-stearoyl-2-arachidonoyl-GPC (18:0/20:4) | E80: Lipid | F80: Phosphatidylcholine (PC) | G80: 42450 | H80: poslate | I80: 100001869 | J80: 2300 | K80: 810.60074 | L80: 35418-59-8 | M80: 16219824 | N80: NA | O80: HMDB08048 | P80: compid42450
A81: =_xlfn.CONCAT("metab_compid_", $G81) -> metab_compid_52447 | B81: compid52447 | C81: 1919 | D81: 1-stearoyl-2-arachidonoyl-GPE (18:0/20:4) | E81: Lipid | F81: Phosphatidylethanolamine (PE) | G81: 52447 | H81: poslate | I81: 100008977 | J81: 2424 | K81: 768.55378 | L81: NA | M81: 5289133 | N81: NA | O81: HMDB09003 | P81: compid52447
A82: =_xlfn.CONCAT("metab_compid_", $G82) -> metab_compid_52449 | B82: compid52449 | C82: 2016 | D82: 1-stearoyl-2-arachidonoyl-GPI (18:0/20:4) | E82: Lipid | F82: Phosphatidylinositol (PI) | G82: 52449 | H82: poslate | I82: 100000616 | J82: 3000 | K82: 904.59096 | L82: 383907-33-3 | M82: NA | N82: NA | O82: HMDB09815 | P82: compid52449
A83: =_xlfn.CONCAT("metab_compid_", $G83) -> metab_compid_52611 | B83: compid52611 | C83: 1834 | D83: 1-stearoyl-2-docosahexaenoyl-GPC (18:0/22:6) | E83: Lipid | F83: Phosphatidylcholine (PC) | G83: 52611 | H83: poslate | I83: 100008916 | J83: 2197 | K83: 834.60128 | L83: 59403-52-0 | M83: NA | N83: NA | O83: HMDB08057 | P83: compid52611
A84: =_xlfn.CONCAT("metab_compid_", $G84) -> metab_compid_52466 | B84: compid52466 | C84: 1923 | D84: 1-stearoyl-2-docosahexaenoyl-GPE (18:0/22:6)* | E84: Lipid | F84: Phosphatidylethanolamine (PE) | G84: 52466 | H84: poslate | I84: 100008992 | J84: 2317 | K84: 792.55378 | L84: NA | M84: 9546798 | N84: NA | O84: HMDB05334 | P84: compid52466
A85: =_xlfn.CONCAT("metab_compid_", $G85) -> metab_compid_52452 | B85: compid52452 | C85: 1820 | D85: 1-stearoyl-2-linoleoyl-GPC (18:0/18:2)* | E85: Lipid | F85: Phosphatidylcholine (PC) | G85: 52452 | H85: poslate | I85: 100008980 | J85: 2380 | K85: 786.60074 | L85: NA | M85: NA | N85: NA | O85: HMDB08039 | P85: compid52452
A86: =_xlfn.CONCAT("metab_compid_", $G86) -> metab_compid_52446 | B86: compid52446 | C86: 1914 | D86: 1-stearoyl-2-linoleoyl-GPE (18:0/18:2)* | E86: Lipid | F86: Phosphatidylethanolamine (PE) | G86: 52446 | H86: poslate | I86: 100008976 | J86: 2522 | K86: 744.55378 | L86: NA | M86: 9546749 | N86: NA | O86: HMDB08994 | P86: compid52446
A87: =_xlfn.CONCAT("metab_compid_", $G87) -> metab_compid_52468 | B87: compid52468 | C87: 2005 | D87: 1-stearoyl-2-linoleoyl-GPI (18:0/18:2) | E87: Lipid | F87: Phosphatidylinositol (PI) | G87: 52468 | H87: poslate | I87: 100008994 | J87: 3185 | K87: 880.59096 | L87: NA | M87: NA | N87: NA | O87: HMDB09809 | P87: compid52468
A88: =_xlfn.CONCAT("metab_compid_", $G88) -> metab_compid_52438 | B88: compid52438 | C88: 1817 | D88: 1-stearoyl-2-oleoyl-GPC (18:0/18:1) | E88: Lipid | F88: Phosphatidylcholine (PC) | G88: 52438 | H88: poslate | I88: 100008904 | J88: 2644 | K88: 788.61639 | L88: 56421-10-4 | M88: NA | N88: NA | O88: HMDB08038 | P88: compid52438
A89: =_xlfn.CONCAT("metab_compid_", $G89) -> metab_compid_42448 | B89: compid42448 | C89: 1911 | D89: 1-stearoyl-2-oleoyl-GPE (18:0/18:1) | E89: Lipid | F89: Phosphatidylethanolamine (PE) | G89: 42448 | H89: poslate | I89: 100001856 | J89: 2858 | K89: 746.56944 | L89: NA | M89: NA | N89: NA | O89: HMDB08993 | P89: compid42448
A90: =_xlfn.CONCAT("metab_compid_", $G90) -> metab_compid_52726 | B90: compid52726 | C90: 2004 | D90: 1-stearoyl-2-oleoyl-GPI (18:0/18:1)* | E90: Lipid | F90: Phosphatidylinositol (PI) | G90: 52726 | H90: poslate | I90: 100009181 | J90: 3711 | K90: 882.60661 | L90: NA | M90: NA | N90: NA | O90: NA | P90: compid52726
A91: =_xlfn.CONCAT("metab_compid_", $G91) -> metab_compid_19265 | B91: compid19265 | C91: 1970 | D91: 1-stearoyl-2-oleoyl-GPS (18:0/18:1) | E91: Lipid | F91: Phosphatidylserine (PS) | G91: 19265 | H91: poslate | I91: 100000639 | J91: 3000 | K91: 790.55926 | L91: NA | M91: 9547087 | N91: NA | O91: HMDB10163 | P91: compid19265
A92: =_xlfn.CONCAT("metab_compid_", $G92) -> metab_compid_33961 | B92: compid33961 | C92: 2061 | D92: 1-stearoyl-GPC (18:0) | E92: Lipid | F92: Lysophospholipid | G92: 33961 | H92: poslate | I92: 100001271 | J92: 1606 | K92: 524.37107 | L92: 19420-57-6 | M92: 497299 | N92: NA | O92: HMDB10384 | P92: compid33961
A93: =_xlfn.CONCAT("metab_compid_", $G93) -> metab_compid_42398 | B93: compid42398 | C93: 2108 | D93: 1-stearoyl-GPE (18:0) | E93: Lipid | F93: Lysophospholipid | G93: 42398 | H93: poslate | I93: 100001461 | J93: 1626 | K93: 482.32412 | L93: 69747-55-3 | M93: 9547068 | N93: NA | O93: HMDB11130 | P93: compid42398
A94: =_xlfn.CONCAT("metab_compid_", $G94) -> metab_compid_34437 | B94: compid34437 | C94: 2141 | D94: 1-stearoyl-GPG (18:0) | E94: Lipid | F94: Lysophospholipid | G94: 34437 | H94: neg | I94: 100001462 | J94: 5816 | K94: 511.30414 | L94: NA | M94: NA | N94: NA | O94: NA | P94: compid34437
A95: =_xlfn.CONCAT("metab_compid_", $G95) -> metab_compid_19324 | B95: compid19324 | C95: 2149 | D95: 1-stearoyl-GPI (18:0) | E95: Lipid | F95: Lysophospholipid | G95: 19324 | H95: neg | I95: 100000656 | J95: 5794 | K95: 599.32018 | L95: 796963-93-4 | M95: NA | N95: NA | O95: HMDB61696 | P95: compid19324
A96: =_xlfn.CONCAT("metab_compid_", $G96) -> metab_compid_33971 | B96: compid33971 | C96: 1184 | D96: 10-heptadecenoate (17:1n7) | E96: Lipid | F96: Long Chain Fatty Acid | G96: 33971 | H96: neg | I96: 100001278 | J96: 5555 | K96: 267.23295 | L96: 29743-97-3 | M96: 5312435 | N96: NA | O96: HMDB60038 | P96: compid33971
A97: =_xlfn.CONCAT("metab_compid_", $G97) -> metab_compid_33972 | B97: compid33972 | C97: 1196 | D97: 10-nonadecenoate (19:1n9) | E97: Lipid | F97: Long Chain Fatty Acid | G97: 33972 | H97: neg | I97: 100001277 | J97: 5780 | K97: 295.26425 | L97: 73033-09-7 | M97: 5312513 | N97: NA | O97: HMDB13622 | P97: compid33972
A98: =_xlfn.CONCAT("metab_compid_", $G98) -> metab_compid_32497 | B98: compid32497 | C98: 1171 | D98: 10-undecenoate (11:1n1) | E98: Lipid | F98: Medium Chain Fatty Acid | G98: 32497 | H98: neg | I98: 100001197 | J98: 5085.8 | K98: 183.13905 | L98: 1333-28-4 | M98: 14891 | N98: C13910 | O98: HMDB33724 | P98: compid32497
A99: =_xlfn.CONCAT("metab_compid_", $G99) -> metab_compid_37536 | B99: compid37536 | C99: 1659 | D99: 12-HETE | E99: Lipid | F99: Eicosanoid | G99: 37536 | H99: neg | I99: 100002167 | J99: 5326 | K99: 319.22786 | L99: 71030-37-0;73837-14-6 | M99: 5312983 | N99: NA | O99: HMDB06111 | P99: compid37536
A100: =_xlfn.CONCAT("metab_compid_", $G100) -> metab_compid_57393 | B100: compid57393 | C100: 1665 | D100: 12-HHTrE | E100: Lipid | F100: Eicosanoid | G100: 57393 | H100: neg | I100: 1261 | J100: 5175 | K100: 279.19657 | L100: 54397-84-1 | M100: 5283141 | N100: C20388 | O100: HMDB12535 | P100: compid57393
...

Sheet direct_nightingale
A1: id | B1: Row.names | C1: Excel.column.name | D1: CSV.column.name | E1: Biomarker.name | F1: Unit | G1: Group | H1: Subgroup
A2: =_xlfn.CONCAT("metab_", $B2) -> metab_hdlsize | B2: hdlsize | C2: HDL size | D2: HDL_size | E2: Average diameter for HDL particles | F2: nm | G2: Lipoprotein particle sizes
A3: =_xlfn.CONCAT("metab_", $B3) -> metab_xsvldltgpct | B3: xsvldltgpct | C3: XS-VLDL-TG % | D3: XS_VLDL_TG_pct | E3: Triglycerides to total lipids ratio in very small VLDL | F3: % | G3: Relative lipoprotein lipid concentrations | H3: Very small VLDL ratios
A4: =_xlfn.CONCAT("metab_", $B4) -> metab_xsvldlplpct | B4: xsvldlplpct | C4: XS-VLDL-PL % | D4: XS_VLDL_PL_pct | E4: Phospholipids to total lipids ratio in very small VLDL | F4: % | G4: Relative lipoprotein lipid concentrations | H4: Very small VLDL ratios
A5: =_xlfn.CONCAT("metab_", $B5) -> metab_xlhdlpl | B5: xlhdlpl | C5: XL-HDL-PL | D5: XL_HDL_PL | E5: Phospholipids in very large HDL | F5: mmol/l | G5: Lipoprotein subclasses | H5: Very large HDL
A6: =_xlfn.CONCAT("metab_", $B6) -> metab_glucose | B6: glucose | C6: Glucose | D6: Glucose | E6: Glucose | F6: mmol/l | G6: Glycolysis related metabolites
A7: =_xlfn.CONCAT("metab_", $B7) -> metab_xlhdll | B7: xlhdll | C7: XL-HDL-L | D7: XL_HDL_L | E7: Total lipids in very large HDL | F7: mmol/l | G7: Lipoprotein subclasses | H7: Very large HDL
A8: =_xlfn.CONCAT("metab_", $B8) -> metab_svldltgpct | B8: svldltgpct | C8: S-VLDL-TG % | D8: S_VLDL_TG_pct | E8: Triglycerides to total lipids ratio in small VLDL | F8: % | G8: Relative lipoprotein lipid concentrations | H8: Small VLDL ratios
A9: =_xlfn.CONCAT("metab_", $B9) -> metab_svldlcepct | B9: svldlcepct | C9: S-VLDL-CE % | D9: S_VLDL_CE_pct | E9: Cholesteryl esters to total lipids ratio in small VLDL | F9: % | G9: Relative lipoprotein lipid concentrations | H9: Small VLDL ratios
A10: =_xlfn.CONCAT("metab_", $B10) -> metab_lhdlfc | B10: lhdlfc | C10: L-HDL-FC | D10: L_HDL_FC | E10: Free cholesterol in large HDL | F10: mmol/l | G10: Lipoprotein subclasses | H10: Large HDL
A11: =_xlfn.CONCAT("metab_", $B11) -> metab_svldlcpct | B11: svldlcpct | C11: S-VLDL-C % | D11: S_VLDL_C_pct | E11: Cholesterol to total lipids ratio in small VLDL | F11: % | G11: Relative lipoprotein lipid concentrations | H11: Small VLDL ratios
A12: =_xlfn.CONCAT("metab_", $B12) -> metab_idltgpct | B12: idltgpct | C12: IDL-TG % | D12: IDL_TG_pct | E12: Triglycerides to total lipids ratio in IDL | F12: % | G12: Relative lipoprotein lipid concentrations | H12: IDL ratios
A13: =_xlfn.CONCAT("metab_", $B13) -> metab_idlfcpct | B13: idlfcpct | C13: IDL-FC % | D13: IDL_FC_pct | E13: Free cholesterol to total lipids ratio in IDL | F13: % | G13: Relative lipoprotein lipid concentrations | H13: IDL ratios
A14: =_xlfn.CONCAT("metab_", $B14) -> metab_leu | B14: leu | C14: Leu | D14: Leu | E14: Leucine | F14: mmol/l | G14: Amino acids | H14: Branched-chain amino acids
A15: =_xlfn.CONCAT("metab_", $B15) -> metab_ile | B15: ile | C15: Ile | D15: Ile | E15: Isoleucine | F15: mmol/l | G15: Amino acids | H15: Branched-chain amino acids
A16: =_xlfn.CONCAT("metab_", $B16) -> metab_xsvldlfcpct | B16: xsvldlfcpct | C16: XS-VLDL-FC % | D16: XS_VLDL_FC_pct | E16: Free cholesterol to total lipids ratio in very small VLDL | F16: % | G16: Relative lipoprotein lipid concentrations | H16: Very small VLDL ratios
A17: =_xlfn.CONCAT("metab_", $B17) -> metab_sldltgpct | B17: sldltgpct | C17: S-LDL-TG % | D17: S_LDL_TG_pct | E17: Triglycerides to total lipids ratio in small LDL | F17: % | G17: Relative lipoprotein lipid concentrations | H17: Small LDL ratios
A18: =_xlfn.CONCAT("metab_", $B18) -> metab_lhdlc | B18: lhdlc | C18: L-HDL-C | D18: L_HDL_C | E18: Cholesterol in large HDL | F18: mmol/l | G18: Lipoprotein subclasses | H18: Large HDL
... A23: =_xlfn.CONCAT("metab_", $B23) -> metab_idlfc | B23: idlfc | C23: IDL-FC | D23: IDL_FC | E23: Free cholesterol in IDL | F23: mmol/l | G23: Lipoprotein subclasses | H23: IDL
A24: =_xlfn.CONCAT("metab_", $B24) -> metab_vldlsize | B24: vldlsize | C24: VLDL size | D24: VLDL_size | E24: Average diameter for VLDL particles | F24: nm | G24: Lipoprotein particle sizes
A25: =_xlfn.CONCAT("metab_", $B25) -> metab_xlhdlce | B25: xlhdlce | C25: XL-HDL-CE | D25: XL_HDL_CE | E25: Cholesteryl esters in very large HDL | F25: mmol/l | G25: Lipoprotein subclasses | H25: Very large HDL
A26: =_xlfn.CONCAT("metab_", $B26) -> metab_lldltgpct | B26: lldltgpct | C26: L-LDL-TG % | D26: L_LDL_TG_pct | E26: Triglycerides to total lipids ratio in large LDL | F26: % | G26: Relative lipoprotein lipid concentrations | H26: Large LDL ratios
A27: =_xlfn.CONCAT("metab_", $B27) -> metab_lhdll | B27: lhdll | C27: L-HDL-L | D27: L_HDL_L | E27: Total lipids in large HDL | F27: mmol/l | G27: Lipoprotein subclasses | H27: Large HDL
A28: =_xlfn.CONCAT("metab_", $B28) -> metab_lldlfc | B28: lldlfc | C28: L-LDL-FC | D28: L_LDL_FC | E28: Free cholesterol in large LDL | F28: mmol/l | G28: Lipoprotein subclasses | H28: Large LDL
A29: =_xlfn.CONCAT("metab_", $B29) -> metab_unsaturation | B29: unsaturation | C29: Unsaturation | D29: Unsaturation | E29: Degree of unsaturation | F29: degree | G29: Fatty acids
A30: =_xlfn.CONCAT("metab_", $B30) -> metab_hdl2c | B30: hdl2c | C30: NA | D30: NA | E30: Total cholesterol in HDL2 | F30: mmol/l | G30: NA
A31: =_xlfn.CONCAT("metab_", $B31) -> metab_hdlc | B31: hdlc | C31: HDL-C | D31: HDL_C | E31: HDL cholesterol | F31: mmol/l | G31: Cholesterol
A32: =_xlfn.CONCAT("metab_", $B32) -> metab_mldltgpct | B32: mldltgpct | C32: M-LDL-TG % | D32: M_LDL_TG_pct | E32: Triglycerides to total lipids ratio in medium LDL | F32: % | G32: Relative lipoprotein lipid concentrations | H32: Medium LDL ratios
A33: =_xlfn.CONCAT("metab_", $B33) -> metab_idlpl | B33: idlpl | C33: IDL-PL | D33: IDL_PL | E33: Phospholipids in IDL | F33: mmol/l | G33: Lipoprotein subclasses | H33: IDL
A34: =_xlfn.CONCAT("metab_", $B34) -> metab_val | B34: val | C34: Val | D34: Val | E34: Valine | F34: mmol/l | G34: Amino acids | H34: Branched-chain amino acids
A35: =_xlfn.CONCAT("metab_", $B35) -> metab_totalce | B35: totalce | C35: Total-CE | D35: Total_CE | E35: Total esterified cholesterol | F35: mmol/l | G35: Cholesteryl esters
A36: =_xlfn.CONCAT("metab_", $B36) -> metab_pufapct | B36: pufapct | C36: PUFA % | D36: PUFA_pct | E36: Ratio of polyunsaturated fatty acids to total fatty acids | F36: % | G36: Fatty acids | H36: Fatty acid ratios
A37: =_xlfn.CONCAT("metab_", $B37) -> metab_lhdlpl | B37: lhdlpl | C37: L-HDL-PL | D37: L_HDL_PL | E37: Phospholipids in large HDL | F37: mmol/l | G37: Lipoprotein subclasses | H37: Large HDL
A38: =_xlfn.CONCAT("metab_", $B38) -> metab_lldlc | B38: lldlc | C38: L-LDL-C | D38: L_LDL_C | E38: Cholesterol in large LDL | F38: mmol/l | G38: Lipoprotein subclasses | H38: Large LDL
A39: =_xlfn.CONCAT("metab_", $B39) -> metab_sldlce | B39: sldlce | C39: S-LDL-CE | D39: S_LDL_CE | E39: Cholesteryl esters in small LDL | F39: mmol/l | G39: Lipoprotein subclasses | H39: Small LDL
A40: =_xlfn.CONCAT("metab_", $B40) -> metab_shdlcpct | B40: shdlcpct | C40: S-HDL-C % | D40: S_HDL_C_pct | E40: Cholesterol to total lipids ratio in small HDL | F40: % | G40: Relative lipoprotein lipid concentrations | H40: Small HDL ratios
A41: =_xlfn.CONCAT("metab_", $B41) -> metab_xsvldlcpct | B41: xsvldlcpct | C41: XS-VLDL-C % | D41: XS_VLDL_C_pct | E41: Cholesterol to total lipids ratio in very small VLDL | F41: % | G41: Relative lipoprotein lipid concentrations | H41: Very small VLDL ratios
A42: =_xlfn.CONCAT("metab_", $B42) -> metab_ldlc | B42: ldlc | C42: LDL-C | D42: LDL_C | E42: LDL cholesterol | F42: mmol/l | G42: Cholesterol
A43: =_xlfn.CONCAT("metab_", $B43) -> metab_lldlpl | B43: lldlpl | C43: L-LDL-PL | D43: L_LDL_PL | E43: Phospholipids in large LDL | F43: mmol/l | G43: Lipoprotein subclasses | H43: Large LDL
A44: =_xlfn.CONCAT("metab_", $B44) -> metab_sldlc | B44: sldlc | C44: S-LDL-C | D44: S_LDL_C | E44: Cholesterol in small LDL | F44: mmol/l | G44: Lipoprotein subclasses | H44: Small LDL
A45: =_xlfn.CONCAT("metab_", $B45) -> metab_mldlce | B45: mldlce | C45: M-LDL-CE | D45: M_LDL_CE | E45: Cholesteryl esters in medium LDL | F45: mmol/l | G45: Lipoprotein subclasses | H45: Medium LDL
A46: =_xlfn.CONCAT("metab_", $B46) -> metab_omega6pct | B46: omega6pct | C46: Omega-6 % | D46: Omega_6_pct | E46: Ratio of omega-6 fatty acids to total fatty acids | F46: % | G46: Fatty acids | H46: Fatty acid ratios
A47: =_xlfn.CONCAT("metab_", $B47) -> metab_shdlcepct | B47: shdlcepct | C47: S-HDL-CE % | D47: S_HDL_CE_pct | E47: Cholesteryl esters to total lipids ratio in small HDL | F47: % | G47: Relative lipoprotein lipid concentrations | H47: Small HDL ratios
A48: =_xlfn.CONCAT("metab_", $B48) -> metab_mldlc | B48: mldlc | C48: M-LDL-C | D48: M_LDL_C | E48: Cholesterol in medium LDL | F48: mmol/l | G48: Lipoprotein subclasses | H48: Medium LDL
A49: =_xlfn.CONCAT("metab_", $B49) -> metab_totalc | B49: totalc | C49: Total-C | D49: Total_C | E49: Total cholesterol | F49: mmol/l | G49: Cholesterol
A50: =_xlfn.CONCAT("metab_", $B50) -> metab_idlcpct | B50: idlcpct | C50: IDL-C % | D50: IDL_C_pct | E50: Cholesterol to total lipids ratio in IDL | F50: % | G50: Relative lipoprotein lipid concentrations | H50: IDL ratios
A51: =_xlfn.CONCAT("metab_", $B51) -> metab_sldlcpct | B51: sldlcpct | C51: S-LDL-C % | D51: S_LDL_C_pct | E51: Cholesterol to total lipids ratio in small LDL | F51: % | G51: Relative lipoprotein lipid concentrations | H51: Small LDL ratios
A52: =_xlfn.CONCAT("metab_", $B52) -> metab_idlc | B52: idlc | C52: IDL-C | D52: IDL_C | E52: Cholesterol in IDL | F52: mmol/l | G52: Lipoprotein subclasses | H52: IDL
A53: =_xlfn.CONCAT("metab_", $B53) -> metab_lldlce | B53: lldlce | C53: L-LDL-CE | D53: L_LDL_CE | E53: Cholesteryl esters in large LDL | F53: mmol/l | G53: Lipoprotein subclasses | H53: Large LDL
A54: =_xlfn.CONCAT("metab_", $B54) -> metab_apoa1 | B54: apoa1 | C54: ApoA1 | D54: ApoA1 | E54: Apolipoprotein A1 | F54: g/l | G54: Apolipoproteins
A55: =_xlfn.CONCAT("metab_", $B55) -> metab_lhdlfcpct | B55: lhdlfcpct | C55: L-HDL-FC % | D55: L_HDL_FC_pct | E55: Free cholesterol to total lipids ratio in large HDL | F55: % | G55: Relative lipoprotein lipid concentrations | H55: Large HDL ratios
A56: =_xlfn.CONCAT("metab_", $B56) -> metab_mhdlplpct | B56: mhdlplpct | C56: M-HDL-PL % | D56: M_HDL_PL_pct | E56: Phospholipids to total lipids ratio in medium HDL | F56: % | G56: Relative lipoprotein lipid concentrations | H56: Medium HDL ratios
A57: =_xlfn.CONCAT("metab_", $B57) -> metab_lldll | B57: lldll | C57: L-LDL-L | D57: L_LDL_L | E57: Total lipids in large LDL | F57: mmol/l | G57: Lipoprotein subclasses | H57: Large LDL
A58: =_xlfn.CONCAT("metab_", $B58) -> metab_gln | B58: gln | C58: Gln | D58: Gln | E58: Glutamine | F58: mmol/l | G58: Amino acids
A59: =_xlfn.CONCAT("metab_", $B59) -> metab_lldlcpct | B59: lldlcpct | C59: L-LDL-C % | D59: L_LDL_C_pct | E59: Cholesterol to total lipids ratio in large LDL | F59: % | G59: Relative lipoprotein lipid concentrations | H59: Large LDL ratios
A60: =_xlfn.CONCAT("metab_", $B60) -> metab_ala | B60: ala | C60: Ala | D60: Ala | E60: Alanine | F60: mmol/l | G60: Amino acids
A61: =_xlfn.CONCAT("metab_", $B61) -> metab_idlce | B61: idlce | C61: IDL-CE | D61: IDL_CE | E61: Cholesteryl esters in IDL | F61: mmol/l | G61: Lipoprotein subclasses | H61: IDL
A62: =_xlfn.CONCAT("metab_", $B62) -> metab_shdltg | B62: shdltg | C62: S-HDL-TG | D62: S_HDL_TG | E62: Triglycerides in small HDL | F62: mmol/l | G62: Lipoprotein subclasses | H62: Small HDL
A63: =_xlfn.CONCAT("metab_", $B63) -> metab_mldlcpct | B63: mldlcpct | C63: M-LDL-C % | D63: M_LDL_C_pct | E63: Cholesterol to total lipids ratio in medium LDL | F63: % | G63: Relative lipoprotein lipid concentrations | H63: Medium LDL ratios
A64: =_xlfn.CONCAT("metab_", $B64) -> metab_mldlfc | B64: mldlfc | C64: M-LDL-FC | D64: M_LDL_FC | E64: Free cholesterol in medium LDL | F64: mmol/l | G64: Lipoprotein subclasses | H64: Medium LDL
A65: =_xlfn.CONCAT("metab_", $B65) -> metab_sldlcepct | B65: sldlcepct | C65: S-LDL-CE % | D65: S_LDL_CE_pct | E65: Cholesteryl esters to total lipids ratio in small LDL | F65: % | G65: Relative lipoprotein lipid concentrations | H65: Small LDL ratios
A66: =_xlfn.CONCAT("metab_", $B66) -> metab_mldll | B66: mldll | C66: M-LDL-L | D66: M_LDL_L | E66: Total lipids in medium LDL | F66: mmol/l | G66: Lipoprotein subclasses | H66: Medium LDL
A67: =_xlfn.CONCAT("metab_", $B67) -> metab_idll | B67: idll | C67: IDL-L | D67: IDL_L | E67: Total lipids in IDL | F67: mmol/l | G67: Lipoprotein subclasses | H67: IDL
A68: =_xlfn.CONCAT("metab_", $B68) -> metab_omega3 | B68: omega3 | C68: Omega-3 | D68: Omega_3 | E68: Omega-3 fatty acids | F68: mmol/l | G68: Fatty acids
A69: =_xlfn.CONCAT("metab_", $B69) -> metab_sldll | B69: sldll | C69: S-LDL-L | D69: S_LDL_L | E69: Total lipids in small LDL | F69: mmol/l | G69: Lipoprotein subclasses | H69: Small LDL
A70: =_xlfn.CONCAT("metab_", $B70) -> metab_sldlfc | B70: sldlfc | C70: S-LDL-FC | D70: S_LDL_FC | E70: Free cholesterol in small LDL | F70: mmol/l | G70: Lipoprotein subclasses | H70: Small LDL
A71: =_xlfn.CONCAT("metab_", $B71) -> metab_xsvldlpl | B71: xsvldlpl | C71: XS-VLDL-PL | D71: XS_VLDL_PL | E71: Phospholipids in very small VLDL | F71: mmol/l | G71: Lipoprotein subclasses | H71: Very small VLDL
A72: =_xlfn.CONCAT("metab_", $B72) -> metab_shdlplpct | B72: shdlplpct | C72: S-HDL-PL % | D72: S_HDL_PL_pct | E72: Phospholipids to total lipids ratio in small HDL | F72: % | G72: Relative lipoprotein lipid concentrations | H72: Small HDL ratios
A73: =_xlfn.CONCAT("metab_", $B73) -> metab_totalfc | B73: totalfc | C73: Total-FC | D73: Total_FC | E73: Total free cholesterol | F73: mmol/l | G73: Free cholesterol
A74: =_xlfn.CONCAT("metab_", $B74) -> metab_mldlcepct | B74: mldlcepct | C74: M-LDL-CE % | D74: M_LDL_CE_pct | E74: Cholesteryl esters to total lipids ratio in medium LDL | F74: % | G74: Relative lipoprotein lipid concentrations | H74: Medium LDL ratios
A75: =_xlfn.CONCAT("metab_", $B75) -> metab_pufa | B75: pufa | C75: PUFA | D75: PUFA | E75: Polyunsaturated fatty acids | F75: mmol/l | G75: Fatty acids
A76: =_xlfn.CONCAT("metab_", $B76) -> metab_mldlpl | B76: mldlpl | C76: M-LDL-PL | D76: M_LDL_PL | E76: Phospholipids in medium LDL | F76: mmol/l | G76: Lipoprotein subclasses | H76: Medium LDL
A77: =_xlfn.CONCAT("metab_", $B77) -> metab_mhdlcpct | B77: mhdlcpct | C77: M-HDL-C % | D77: M_HDL_C_pct | E77: Cholesterol to total lipids ratio in medium HDL | F77: % | G77: Relative lipoprotein lipid concentrations | H77: Medium HDL ratios
A78: =_xlfn.CONCAT("metab_", $B78) -> metab_mhdlcepct | B78: mhdlcepct | C78: M-HDL-CE % | D78: M_HDL_CE_pct | E78: Cholesteryl esters to total lipids ratio in medium HDL | F78: % | G78: Relative lipoprotein lipid concentrations | H78: Medium HDL ratios
A79: =_xlfn.CONCAT("metab_", $B79) -> metab_sldlplpct | B79: sldlplpct | C79: S-LDL-PL % | D79: S_LDL_PL_pct | E79: Phospholipids to total lipids ratio in small LDL | F79: % | G79: Relative lipoprotein lipid concentrations | H79: Small LDL ratios
A80: =_xlfn.CONCAT("metab_", $B80) -> metab_xxlvldlfcpct | B80: xxlvldlfcpct | C80: XXL-VLDL-FC % | D80: XXL_VLDL_FC_pct | E80: Free cholesterol to total lipids ratio in chylomicrons and extremely large VLDL | F80: % | G80: Relative lipoprotein lipid concentrations | H80: Chylomicrons and extremely large VLDL ratios
A81: =_xlfn.CONCAT("metab_", $B81) -> metab_mldlplpct | B81: mldlplpct | C81: M-LDL-PL % | D81: M_LDL_PL_pct | E81: Phospholipids to total lipids ratio in medium LDL | F81: % | G81: Relative lipoprotein lipid concentrations | H81: Medium LDL ratios
A82: =_xlfn.CONCAT("metab_", $B82) -> metab_mvldltgpct | B82: mvldltgpct | C82: M-VLDL-TG % | D82: M_VLDL_TG_pct | E82: Triglycerides to total lipids ratio in medium VLDL | F82: % | G82: Relative lipoprotein lipid concentrations | H82: Medium VLDL ratios
A83: =_xlfn.CONCAT("metab_", $B83) -> metab_mvldlfcpct | B83: mvldlfcpct | C83: M-VLDL-FC % | D83: M_VLDL_FC_pct | E83: Free cholesterol to total lipids ratio in medium VLDL | F83: % | G83: Relative lipoprotein lipid concentrations | H83: Medium VLDL ratios
A84: =_xlfn.CONCAT("metab_", $B84) -> metab_shdlfcpct | B84: shdlfcpct | C84: S-HDL-FC % | D84: S_HDL_FC_pct | E84: Free cholesterol to total lipids ratio in small HDL | F84: % | G84: Relative lipoprotein lipid concentrations | H84: Small HDL ratios
A85: =_xlfn.CONCAT("metab_", $B85) -> metab_lldlcepct | B85: lldlcepct | C85: L-LDL-CE % | D85: L_LDL_CE_pct | E85: Cholesteryl esters to total lipids ratio in large LDL | F85: % | G85: Relative lipoprotein lipid concentrations | H85: Large LDL ratios
A86: =_xlfn.CONCAT("metab_", $B86) -> metab_lhdlcpct | B86: lhdlcpct | C86: L-HDL-C % | D86: L_HDL_C_pct | E86: Cholesterol to total lipids ratio in large HDL | F86: % | G86: Relative lipoprotein lipid concentrations | H86: Large HDL ratios
A87: =_xlfn.CONCAT("metab_", $B87) -> metab_sldlpl | B87: sldlpl | C87: S-LDL-PL | D87: S_LDL_PL | E87: Phospholipids in small LDL | F87: mmol/l | G87: Lipoprotein subclasses | H87: Small LDL
A88: =_xlfn.CONCAT("metab_", $B88) -> metab_glycerol | B88: glycerol | C88: Glycerol | D88: Glycerol | E88: Glycerol | F88: mmol/l | G88: Glycolysis related metabolites
A89: =_xlfn.CONCAT("metab_", $B89) -> metab_shdlpl | B89: shdlpl | C89: S-HDL-PL | D89: S_HDL_PL | E89: Phospholipids in small HDL | F89: mmol/l | G89: Lipoprotein subclasses | H89: Small HDL
A90: =_xlfn.CONCAT("metab_", $B90) -> metab_xsvldlfc | B90: xsvldlfc | C90: XS-VLDL-FC | D90: XS_VLDL_FC | E90: Free cholesterol in very small VLDL | F90: mmol/l | G90: Lipoprotein subclasses | H90: Very small VLDL
A91: =_xlfn.CONCAT("metab_", $B91) -> metab_cholines | B91: cholines | C91: Cholines | D91: Cholines | E91: Total cholines | F91: mmol/l | G91: Other lipids
A92: =_xlfn.CONCAT("metab_", $B92) -> metab_omega6 | B92: omega6 | C92: Omega-6 | D92: Omega_6 | E92: Omega-6 fatty acids | F92: mmol/l | G92: Fatty acids
A93: =_xlfn.CONCAT("metab_", $B93) -> metab_shdltgpct | B93: shdltgpct | C93: S-HDL-TG % | D93: S_HDL_TG_pct | E93: Triglycerides to total lipids ratio in small HDL | F93: % | G93: Relative lipoprotein lipid concentrations | H93: Small HDL ratios
A94: =_xlfn.CONCAT("metab_", $B94) -> metab_phosphatidylc | B94: phosphatidylc | C94: Phosphatidylc | D94: Phosphatidylc | E94: Phosphatidylcholines | F94: mmol/l | G94: Other lipids
A95: =_xlfn.CONCAT("metab_", $B95) -> metab_tgpg | B95: tgpg | C95: TG/PG | D95: TG_by_PG | E95: Ratio of triglycerides to phosphoglycerides | F95: ratio | G95: Other lipids
A96: =_xlfn.CONCAT("metab_", $B96) -> metab_mvldlcpct | B96: mvldlcpct | C96: M-VLDL-C % | D96: M_VLDL_C_pct | E96: Cholesterol to total lipids ratio in medium VLDL | F96: % | G96: Relative lipoprotein lipid concentrations | H96: Medium VLDL ratios
A97: =_xlfn.CONCAT("metab_", $B97) -> metab_lhdlplpct | B97: lhdlplpct | C97: L-HDL-PL % | D97: L_HDL_PL_pct | E97: Phospholipids to total lipids ratio in large HDL | F97: % | G97: Relative lipoprotein lipid concentrations | H97: Large HDL ratios
A98: =_xlfn.CONCAT("metab_", $B98) -> metab_xsvldlc | B98: xsvldlc | C98: XS-VLDL-C | D98: XS_VLDL_C | E98: Cholesterol in very small VLDL | F98: mmol/l | G98: Lipoprotein subclasses | H98: Very small VLDL
A99: =_xlfn.CONCAT("metab_", $B99) -> metab_sphingomyelins | B99: sphingomyelins | C99: Sphingomyelins | D99: Sphingomyelins | E99: Sphingomyelins | F99: mmol/l | G99: Other lipids
A100: =_xlfn.CONCAT("metab_", $B100) -> metab_idlcepct | B100: idlcepct | C100: IDL-CE % | D100: IDL_CE_pct | E100: Cholesteryl esters to total lipids ratio in IDL | F100: % | G100: Relative lipoprotein lipid concentrations | H100: IDL ratios
A101: =_xlfn.CONCAT("metab_", $B101) -> metab_xsvldlcepct | B101: xsvldlcepct | C101: XS-VLDL-CE % | D101: XS_VLDL_CE_pct | E101: Cholesteryl esters to total lipids ratio in very small VLDL | F101: % | G101: Relative lipoprotein lipid concentrations | H101: Very small VLDL ratios
A102: =_xlfn.CONCAT("metab_", $B102) -> metab_xsvldlce | B102: xsvldlce | C102: XS-VLDL-CE | D102: XS_VLDL_CE | E102: Cholesteryl esters in very small VLDL | F102: mmol/l | G102: Lipoprotein subclasses | H102: Very small VLDL
A103: =_xlfn.CONCAT("metab_", $B103) -> metab_phosphoglyc | B103: phosphoglyc | C103: Phosphoglyc | D103: Phosphoglyc | E103: Phosphoglycerides | F103: mmol/l | G103: Other lipids
A104: =_xlfn.CONCAT("metab_", $B104) -> metab_lvldlcepct | B104: lvldlcepct | C104: L-VLDL-CE % | D104: L_VLDL_CE_pct | E104: Cholesteryl esters to total lipids ratio in large VLDL | F104: % | G104: Relative lipoprotein lipid concentrations | H104: Large VLDL ratios
...

Sheet metabolite_gwases
A1: gwas_id | B1: platform | C1: name | D1: ontology | E1: no_levels | F1: id | G1: gwas_pathway | H1: gwas_subpathway
A2: GCST90199621 | B2: metabolon | C2: Carnitine levels | D2: EFO_0010469 | E2: Carnitine | F2: metab_compid_15500 | G2: Lipid | H2: Carnitine Metabolism
A3: GCST90199622 | B3: metabolon | C3: Benzoate levels | D3: EFO_0021150 | E3: Benzoate | F3: metab_compid_15778 | G3: Xenobiotics | H3: Benzoate Metabolism
A4: GCST90199623 | B4: metabolon | C4: Maltotriose levels | D4: EFO_0800142 | E4: Maltotriose | F4: metab_compid_44688 | G4: Carbohydrate | H4: Glycogen Metabolism
A5: GCST90199624 | B5: metabolon | C5: Hippurate levels | D5: EFO_0010992 | E5: Hippurate | F5: metab_compid_15753 | G5: Xenobiotics | H5: Benzoate Metabolism
A6: GCST90199625 | B6: metabolon | C6: Methionine sulfoxide levels | D6: EFO_0021650 | E6: Methionine sulfoxide | F6: metab_compid_18374 | G6: Amino Acid | H6: Methionine, Cysteine, SAM and Taurine Metabolism
A7: GCST90199626 | B7: metabolon | C7: Xanthurenate levels | D7: EFO_0010551 | E7: Xanthurenate | F7: metab_compid_15679 | G7: Amino Acid | H7: Tryptophan Metabolism
A8: GCST90199627 | B8: metabolon | C8: N-alpha-acetylornithine levels | D8: EFO_0800006 | E8: N-alpha-acetylornithine | F8: metab_compid_32984 | G8: Amino Acid | H8: Urea cycle; Arginine and Proline Metabolism
A9: GCST90199628 | B9: metabolon | C9: 3-methylhistidine levels | D9: EFO_0021004 | E9: 3-methylhistidine | F9: metab_compid_15677 | G9: Amino Acid | H9: Histidine Metabolism
A10: GCST90199629 | B10: metabolon | C10: Glycerophosphorylcholine (GPC) levels | D10: EFO_0020018 | E10: Glycerophosphorylcholine (GPC) | F10: metab_compid_15990 | G10: Lipid | H10: Phospholipid Metabolism
A11: GCST90199630 | B11: metabolon | C11: Phenylacetate levels | D11: EFO_0021012 | E11: Phenylacetate | F11: metab_compid_57745 | G11: Amino Acid | H11: Phenylalanine Metabolism
A12: GCST90199631 | B12: metabolon | C12: 3-methyl-2-oxovalerate levels | D12: EFO_0021021 | E12: 3-methyl-2-oxovalerate | F12: metab_compid_15676 | G12: Amino Acid | H12: Leucine, Isoleucine and Valine Metabolism
... A1094: GCST90200711 | B1094: metabolon | C1094: X-19141 levels | D1094: EFO_0800799 | E1094: X-19141 | F1094: metab_compid_46701 | G1094: Unknown | H1094: Unknown
A1095: GCST90200712 | B1095: metabolon | C1095: Spermidine to 5-methylthioadenosine (MTA) ratio | D1095: EFO_0022223 | E1095: Spermidine to 5-methylthioadenosine (MTA) ratio
A1096: GCST90200713 | B1096: metabolon | C1096: Spermidine to ornithine ratio | D1096: EFO_0022223 | E1096: Spermidine to ornithine ratio
A1097: GCST90200714 | B1097: metabolon | C1097: Alpha-ketoglutarate to alpha-ketobutyrate ratio | D1097: EFO_0022223 | E1097: Alpha-ketoglutarate to alpha-ketobutyrate ratio
A1098: GCST90200715 | B1098: metabolon | C1098: Alpha-ketoglutarate to glutamate ratio | D1098: EFO_0022223 | E1098: Alpha-ketoglutarate to glutamate ratio
A1099: GCST90200716 | B1099: metabolon | C1099: Adenosine 5'-diphosphate (ADP) to phosphoethanolamine ratio | D1099: EFO_0022223 | E1099: Adenosine 5'-diphosphate (ADP) to phosphoethanolamine ratio
A1100: GCST90200717 | B1100: metabolon | C1100: 3-phosphoglycerate to adenosine 5'-diphosphate (ADP) ratio | D1100: EFO_0022223 | E1100: 3-phosphoglycerate to adenosine 5'-diphosphate (ADP) ratio
A1101: GCST90200718 | B1101: metabolon | C1101: Alpha-ketoglutarate to succinate ratio | D1101: EFO_0022223 | E1101: Alpha-ketoglutarate to succinate ratio
A1102: GCST90200719 | B1102: metabolon | C1102: Adenosine 3',5'-cyclic monophosphate (cAMP) to adenosine 5'-monophosphate (AMP) ratio | D1102: EFO_0022223 | E1102: Adenosine 3',5'-cyclic monophosphate (cAMP) to adenosine 5'-monophosphate (AMP) ratio
A1103: GCST90200720 | B1103: metabolon | C1103: Adenosine 5'-diphosphate (ADP) to pantothenate ratio | D1103: EFO_0022223 | E1103: Adenosine 5'-diphosphate (ADP) to pantothenate ratio
A1104: GCST90200721 | B1104: metabolon | C1104: Adenosine 5'-diphosphate (ADP) to phosphate ratio | D1104: EFO_0022223 | E1104: Adenosine 5'-diphosphate (ADP) to phosphate ratio
A1105: GCST90200722 | B1105: metabolon | C1105: S-adenosylhomocysteine (SAH) to leucine ratio | D1105: EFO_0022223 | E1105: S-adenosylhomocysteine (SAH) to leucine ratio
A1106: GCST90200723 | B1106: metabolon | C1106: S-adenosylhomocysteine (SAH) to 5-methyluridine (ribothymidine) ratio | D1106: EFO_0022223 | E1106: S-adenosylhomocysteine (SAH) to 5-methyluridine (ribothymidine) ratio
... A1403: GCST90201020 | B1403: metabolon | C1403: Paraxanthine to 5-acetylamino-6-formylamino-3-methyluracil ratio | D1403: EFO_0022223 | E1403: Paraxanthine to 5-acetylamino-6-formylamino-3-methyluracil ratio
A1404: GCST90301941 | B1404: nightingale | C1404: Acetate levels | D1404: EFO_0010112 | E1404: Acetate | F1404: =_xlfn.XLOOKUP(C1404,gwas_metab_name_map!C:C,gwas_metab_name_map!D:D,"") -> metab_acetate
A1405: GCST90301942 | B1405: nightingale | C1405: Acetone levels | D1405: EFO_0010989 | E1405: Acetone | F1405: =_xlfn.XLOOKUP(C1405,gwas_metab_name_map!C:C,gwas_metab_name_map!D:D,"") -> metab_acetone
A1406: GCST90301943 | B1406: nightingale | C1406: Alanine levels | D1406: EFO_0009765 | E1406: Alanine | F1406: =_xlfn.XLOOKUP(C1406,gwas_metab_name_map!C:C,gwas_metab_name_map!D:D,"") -> metab_ala
A1407: GCST90301944 | B1407: nightingale | C1407: Albumin levels | D1407: EFO_0004535 | E1407: Albumin | F1407: =_xlfn.XLOOKUP(C1407,gwas_metab_name_map!C:C,gwas_metab_name_map!D:D,"") -> metab_albumin
A1408: GCST90301945 | B1408: nightingale | C1408: Apolipoprotein A-I levels | D1408: EFO_0004614 | E1408: Apolipoprotein A-I | F1408: =_xlfn.XLOOKUP(C1408,gwas_metab_name_map!C:C,gwas_metab_name_map!D:D,"") -> metab_apoa1
A1409: GCST90301946 | B1409: nightingale | C1409: Apolipoprotein B levels | D1409: EFO_0004615 | E1409: Apolipoprotein B | F1409: =_xlfn.XLOOKUP(C1409,gwas_metab_name_map!C:C,gwas_metab_name_map!D:D,"") -> metab_apob
A1410: GCST90301947 | B1410: nightingale | C1410: Ratio of apolipoprotein B to apolipoprotein A1 levels | D1410: EFO_0004615 | E1410: Ratio of apolipoprotein B to apolipoprotein A1 | F1410: =_xlfn.XLOOKUP(C1410,gwas_metab_name_map!C:C,gwas_metab_name_map!D:D,"") -> metab_apobapoa1
A1411: GCST90301947 | B1411: nightingale | C1411: Ratio of apolipoprotein B to apolipoprotein A1 levels | D1411: EFO_0004614 | E1411: Ratio of apolipoprotein B to apolipoprotein A1 | F1411: =_xlfn.XLOOKUP(C1411,gwas_metab_name_map!C:C,gwas_metab_name_map!D:D,"") -> metab_apobapoa1
A1412: GCST90301948 | B1412: nightingale | C1412: 3-Hydroxybutyrate levels | D1412: EFO_0010982 | E1412: 3-Hydroxybutyrate | F1412: =_xlfn.XLOOKUP(C1412,gwas_metab_name_map!C:C,gwas_metab_name_map!D:D,"") -> metab_bohbutyrate
A1413: GCST90301949 | B1413: nightingale | C1413: Citrate levels | D1413: EFO_0010114 | E1413: Citrate | F1413: =_xlfn.XLOOKUP(C1413,gwas_metab_name_map!C:C,gwas_metab_name_map!D:D,"") -> metab_citrate
A1414: GCST90301950 | B1414: nightingale | C1414: Conjugated linoleic acid | D1414: EFO_0006807 | E1414: Conjugated linoleic acid
A1415: GCST90301951 | B1415: nightingale | C1415: Ratio of conjugated linoleic acid to total fatty acids | D1415: EFO_0006807 | E1415: Ratio of conjugated linoleic acid to total fatty acids
A1416: GCST90301951 | B1416: nightingale | C1416: Ratio of conjugated linoleic acid to total fatty acids | D1416: EFO_0005110 | E1416: Ratio of conjugated linoleic acid to total fatty acids
A1417: GCST90301952 | B1417: nightingale | C1417: Creatinine levels | D1417: EFO_0004518 | E1417: Creatinine | F1417: =_xlfn.XLOOKUP(C1417,gwas_metab_name_map!C:C,gwas_metab_name_map!D:D,"") -> metab_creatinine
A1418: GCST90301953 | B1418: nightingale | C1418: Diacylglycerol levels | D1418: EFO_0010223 | E1418: Diacylglycerol
A1419: GCST90301954 | B1419: nightingale | C1419: Ratio of diacylglycerol to triglycerides | D1419: EFO_0010223 | E1419: Ratio of diacylglycerol to triglycerides
A1420: GCST90301954 | B1420: nightingale | C1420: Ratio of diacylglycerol to triglycerides | D1420: EFO_0004530 | E1420: Ratio of diacylglycerol to triglycerides
A1421: GCST90301955 | B1421: nightingale | C1421: Docosahexaenoic acid (22:6) levels | D1421: EFO_0007761 | E1421: Docosahexaenoic acid (22:6) | F1421: =_xlfn.XLOOKUP(C1421,gwas_metab_name_map!C:C,gwas_metab_name_map!D:D,"") -> metab_dha
A1422: GCST90301956 | B1422: nightingale | C1422: Ratio of 22:6 docosahexaenoic acid to total fatty acids | D1422: EFO_0007761 | E1422: Ratio of 22:6 docosahexaenoic acid to total fatty acids | F1422: =_xlfn.XLOOKUP(C1422,gwas_metab_name_map!C:C,gwas_metab_name_map!D:D,"") -> metab_dhapct
A1423: GCST90301956 | B1423: nightingale | C1423: Ratio of 22:6 docosahexaenoic acid to total fatty acids | D1423: EFO_0005110 | E1423: Ratio of 22:6 docosahexaenoic acid to total fatty acids | F1423: =_xlfn.XLOOKUP(C1423,gwas_metab_name_map!C:C,gwas_metab_name_map!D:D,"") -> metab_dhapct
A1424: GCST90301957 | B1424: nightingale | C1424: Esterified cholesterol levels | D1424: EFO_0008589 | E1424: Esterified cholesterol | F1424: =_xlfn.XLOOKUP(C1424,gwas_metab_name_map!C:C,gwas_metab_name_map!D:D,"") -> metab_totalce
A1425: GCST90301958 | B1425: nightingale | C1425: Estimated description of fatty acid chain length not actual carbon number | D1425: EFO_0020875 | E1425: Estimated description of fatty acid chain length not actual carbon number
A1426: GCST90301959 | B1426: nightingale | C1426: Omega-3 fatty acids levels | D1426: EFO_0010119 | E1426: Omega-3 fatty acids | F1426: =_xlfn.XLOOKUP(C1426,gwas_metab_name_map!C:C,gwas_metab_name_map!D:D,"") -> metab_omega3
A1427: GCST90301960 | B1427: nightingale | C1427: Ratio of omega-3 fatty acids to total fatty acids | D1427: EFO_0005110 | E1427: Ratio of omega-3 fatty acids to total fatty acids | F1427: =_xlfn.XLOOKUP(C1427,gwas_metab_name_map!C:C,gwas_metab_name_map!D:D,"") -> metab_omega3pct
A1428: GCST90301961 | B1428: nightingale | C1428: Omega-6 fatty acids levels | D1428: EFO_0005680 | E1428: Omega-6 fatty acids | F1428: =_xlfn.XLOOKUP(C1428,gwas_metab_name_map!C:C,gwas_metab_name_map!D:D,"") -> metab_omega6
A1429: GCST90301962 | B1429: nightingale | C1429: Ratio of omega-6 fatty acids to total fatty acids | D1429: EFO_0005110 | E1429: Ratio of omega-6 fatty acids to total fatty acids | F1429: =_xlfn.XLOOKUP(C1429,gwas_metab_name_map!C:C,gwas_metab_name_map!D:D,"") -> metab_omega6pct
A1430: GCST90301963 | B1430: nightingale | C1430: Free cholesterol levels | D1430: EFO_0008591 | E1430: Free cholesterol | F1430: =_xlfn.XLOOKUP(C1430,gwas_metab_name_map!C:C,gwas_metab_name_map!D:D,"") -> metab_totalfc
A1431: GCST90301964 | B1431: nightingale | C1431: Glucose levels | D1431: EFO_0004468 | E1431: Glucose | F1431: =_xlfn.XLOOKUP(C1431,gwas_metab_name_map!C:C,gwas_metab_name_map!D:D,"") -> metab_glucose
A1432: GCST90301965 | B1432: nightingale | C1432: Glutamine levels | D1432: EFO_0009768 | E1432: Glutamine | F1432: =_xlfn.XLOOKUP(C1432,gwas_metab_name_map!C:C,gwas_metab_name_map!D:D,"") -> metab_gln
A1433: GCST90301966 | B1433: nightingale | C1433: Glycerol levels | D1433: EFO_0010115 | E1433: Glycerol | F1433: =_xlfn.XLOOKUP(C1433,gwas_metab_name_map!C:C,gwas_metab_name_map!D:D,"") -> metab_glycerol
A1434: GCST90301967 | B1434: nightingale | C1434: Glycine levels | D1434: EFO_0009767 | E1434: Glycine | F1434: =_xlfn.XLOOKUP(C1434,gwas_metab_name_map!C:C,gwas_metab_name_map!D:D,"") -> metab_gly
A1435: GCST90301968 | B1435: nightingale | C1435: Glycoprotein acetylation | D1435: EFO_0004555 | E1435: Glycoprotein acetylation | F1435: =_xlfn.XLOOKUP(C1435,gwas_metab_name_map!C:C,gwas_metab_name_map!D:D,"") -> metab_glyca
A1436: GCST90301969 | B1436: nightingale | C1436: Total cholesterol in HDL2 | D1436: EFO_0004574 | E1436: Total cholesterol in HDL2 | F1436: metab_hdl2c
A1437: GCST90301970 | B1437: nightingale | C1437: Total cholesterol in HDL3 | D1437: EFO_0004612 | E1437: Total cholesterol in HDL3 | F1437: metab_hdl3c
A1438: GCST90301971 | B1438: nightingale | C1438: Total cholesterol levels in HDL | D1438: EFO_0004612 | E1438: Total cholesterol in HDL | F1438: metab_hdlc
A1439: GCST90301972 | B1439: nightingale | C1439: Mean diameter of HDL particles | D1439: EFO_0008592 | E1439: Mean diameter of HDL particles | F1439: =_xlfn.XLOOKUP(C1439,gwas_metab_name_map!C:C,gwas_metab_name_map!D:D,"") -> metab_hdlsize
A1440: GCST90301973 | B1440: nightingale | C1440: Triglyceride levels in HDL | D1440: EFO_0004612 | E1440: Triglyceride in HDL | F1440: =_xlfn.XLOOKUP(C1440,gwas_metab_name_map!C:C,gwas_metab_name_map!D:D,"") -> metab_hdltg
A1441: GCST90301973 | B1441: nightingale | C1441: Triglyceride levels in HDL | D1441: EFO_0004530 | E1441: Triglyceride in HDL | F1441: =_xlfn.XLOOKUP(C1441,gwas_metab_name_map!C:C,gwas_metab_name_map!D:D,"") -> metab_hdltg
A1442: GCST90301974 | B1442: nightingale | C1442: Histidine levels | D1442: EFO_0009769 | E1442: Histidine | F1442: =_xlfn.XLOOKUP(C1442,gwas_metab_name_map!C:C,gwas_metab_name_map!D:D,"") -> metab_his
A1443: GCST90301975 | B1443: nightingale | C1443: Total Cholesterol in IDL | D1443: EFO_0022184 | E1443: Total Cholesterol in IDL | F1443: =_xlfn.XLOOKUP(C1443,gwas_metab_name_map!C:C,gwas_metab_name_map!D:D,"") -> metab_idlc
A1444: GCST90301976 | B1444: nightingale | C1444: Total cholesterol to total lipids ratio in IDL | D1444: EFO_0008595 | E1444: Total cholesterol to total lipids ratio in IDL | F1444: =_xlfn.XLOOKUP(C1444,gwas_metab_name_map!C:C,gwas_metab_name_map!D:D,"") -> metab_idlcpct
A1445: GCST90301976 | B1445: nightingale | C1445: Total cholesterol to total lipids ratio in IDL | D1445: EFO_0020943 | E1445: Total cholesterol to total lipids ratio in IDL | F1445: =_xlfn.XLOOKUP(C1445,gwas_metab_name_map!C:C,gwas_metab_name_map!D:D,"") -> metab_idlcpct
A1446: GCST90301977 | B1446: nightingale | C1446: Cholesterol esters in IDL | D1446: EFO_0008595 | E1446: Cholesterol esters in IDL | F1446: =_xlfn.XLOOKUP(C1446,gwas_metab_name_map!C:C,gwas_metab_name_map!D:D,"") -> metab_idlce
A1447: GCST90301977 | B1447: nightingale | C1447: Cholesterol esters in IDL | D1447: EFO_0008589 | E1447: Cholesterol esters in IDL | F1447: =_xlfn.XLOOKUP(C1447,gwas_metab_name_map!C:C,gwas_metab_name_map!D:D,"") -> metab_idlce
A1448: GCST90301978 | B1448: nightingale | C1448: Cholesteryl esters to total lipids ratio in IDL | D1448: EFO_0008595 | E1448: Cholesteryl esters to total lipids ratio in IDL | F1448: =_xlfn.XLOOKUP(C1448,gwas_metab_name_map!C:C,gwas_metab_name_map!D:D,"") -> metab_idlcepct
A1449: GCST90301978 | B1449: nightingale | C1449: Cholesteryl esters to total lipids ratio in IDL | D1449: EFO_0020944 | E1449: Cholesteryl esters to total lipids ratio in IDL | F1449: =_xlfn.XLOOKUP(C1449,gwas_metab_name_map!C:C,gwas_metab_name_map!D:D,"") -> metab_idlcepct
A1450: GCST90301979 | B1450: nightingale | C1450: Free cholesterol in IDL | D1450: EFO_0022181 | E1450: Free cholesterol in IDL | F1450: =_xlfn.XLOOKUP(C1450,gwas_metab_name_map!C:C,gwas_metab_name_map!D:D,"") -> metab_idlfc
... A1465: GCST90301990 | B1465: nightingale | C1465: Lactate levels | D1465: EFO_0007745 | E1465: Lactate | F1465: =_xlfn.XLOOKUP(C1465,gwas_metab_name_map!C:C,gwas_metab_name_map!D:D,"") -> metab_lactate
A1466: GCST90301991 | B1466: nightingale | C1466: Total cholesterol levels in LDL | D1466: EFO_0004611 | E1466: Total cholesterol in LDL | F1466: metab_ldlc
A1467: GCST90301992 | B1467: nightingale | C1467: Mean diameter of LDL particles | D1467: EFO_0008593 | E1467: Mean diameter of LDL particles | F1467: =_xlfn.XLOOKUP(C1467,gwas_metab_name_map!C:C,gwas_metab_name_map!D:D,"") -> metab_ldlsize
A1468: GCST90301993 | B1468: nightingale | C1468: Triglyceride levels in LDL | D1468: EFO_0004611 | E1468: Triglyceride in LDL | F1468: =_xlfn.XLOOKUP(C1468,gwas_metab_name_map!C:C,gwas_metab_name_map!D:D,"") -> metab_ldltg
A1469: GCST90301993 | B1469: nightingale | C1469: Triglyceride levels in LDL | D1469: EFO_0004530 | E1469: Triglyceride in LDL | F1469: =_xlfn.XLOOKUP(C1469,gwas_metab_name_map!C:C,gwas_metab_name_map!D:D,"") -> metab_ldltg
A1470: GCST90301994 | B1470: nightingale | C1470: Leucine levels | D1470: EFO_0009770 | E1470: Leucine | F1470: =_xlfn.XLOOKUP(C1470,gwas_metab_name_map!C:C,gwas_metab_name_map!D:D,"") -> metab_leu
A1471: GCST90301995 | B1471: nightingale | C1471: Total cholesterol in large HDL | D1471: EFO_0004612 | E1471: Total cholesterol in large HDL | F1471: =_xlfn.XLOOKUP(C1471,gwas_metab_name_map!C:C,gwas_metab_name_map!D:D,"") -> metab_lhdlc
A1472: GCST90301995 | B1472: nightingale | C1472: Total cholesterol in large HDL | D1472: EFO_0007806 | E1472: Total cholesterol in large HDL | F1472: =_xlfn.XLOOKUP(C1472,gwas_metab_name_map!C:C,gwas_metab_name_map!D:D,"") -> metab_lhdlc
A1473: GCST90301996 | B1473: nightingale | C1473: Total cholesterol to total lipids ratio in large HDL | D1473: EFO_0004612 | E1473: Total cholesterol to total lipids ratio in large HDL | F1473: =_xlfn.XLOOKUP(C1473,gwas_metab_name_map!C:C,gwas_metab_name_map!D:D,"") -> metab_lhdlcpct
A1474: GCST90301996 | B1474: nightingale | C1474: Total cholesterol to total lipids ratio in large HDL | D1474: EFO_0020943 | E1474: Total cholesterol to total lipids ratio in large HDL | F1474: =_xlfn.XLOOKUP(C1474,gwas_metab_name_map!C:C,gwas_metab_name_map!D:D,"") -> metab_lhdlcpct
A1475: GCST90301997 | B1475: nightingale | C1475: Cholesterol esters in large HDL | D1475: EFO_0022159 | E1475: Cholesterol esters in large HDL | F1475: =_xlfn.XLOOKUP(C1475,gwas_metab_name_map!C:C,gwas_metab_name_map!D:D,"") -> metab_lhdlce
A1476: GCST90301998 | B1476: nightingale | C1476: Cholesteryl esters to total lipids ratio in large HDL | D1476: EFO_0004612 | E1476: Cholesteryl esters to total lipids ratio in large HDL | F1476: =_xlfn.XLOOKUP(C1476,gwas_metab_name_map!C:C,gwas_metab_name_map!D:D,"") -> metab_lhdlcepct
A1477: GCST90301998 | B1477: nightingale | C1477: Cholesteryl esters to total lipids ratio in large HDL | D1477: EFO_0020944 | E1477: Cholesteryl esters to total lipids ratio in large HDL | F1477: =_xlfn.XLOOKUP(C1477,gwas_metab_name_map!C:C,gwas_metab_name_map!D:D,"") -> metab_lhdlcepct
A1478: GCST90301999 | B1478: nightingale | C1478: Free cholesterol in large HDL | D1478: EFO_0022157 | E1478: Free cholesterol in large HDL | F1478: =_xlfn.XLOOKUP(C1478,gwas_metab_name_map!C:C,gwas_metab_name_map!D:D,"") -> metab_lhdlfc
... A1652: GCST90302122 | B1652: nightingale | C1652: Valine levels | D1652: EFO_0009792 | E1652: Valine | F1652: =_xlfn.XLOOKUP(C1652,gwas_metab_name_map!C:C,gwas_metab_name_map!D:D,"") -> metab_val
A1653: GCST90302123 | B1653: nightingale | C1653: Total cholesterol levels in VLDL | D1653: EFO_0008317 | E1653: Total cholesterol in VLDL | F1653: metab_vldlc
A1654: GCST90302124 | B1654: nightingale | C1654: Mean diameter of VLDL particles | D1654: EFO_0008594 | E1654: Mean diameter of VLDL particles | F1654: =_xlfn.XLOOKUP(C1654,gwas_metab_name_map!C:C,gwas_metab_name_map!D:D,"") -> metab_vldlsize
A1655: GCST90302125 | B1655: nightingale | C1655: Triglyceride levels in VLDL | D1655: EFO_0008317 | E1655: Triglyceride in VLDL | F1655: =_xlfn.XLOOKUP(C1655,gwas_metab_name_map!C:C,gwas_metab_name_map!D:D,"") -> metab_vldltg
A1656: GCST90302125 | B1656: nightingale | C1656: Triglyceride levels in VLDL | D1656: EFO_0004530 | E1656: Triglyceride in VLDL | F1656: =_xlfn.XLOOKUP(C1656,gwas_metab_name_map!C:C,gwas_metab_name_map!D:D,"") -> metab_vldltg
A1657: GCST90302126 | B1657: nightingale | C1657: Total cholesterol levels in very large HDL | D1657: EFO_0004612 | E1657: Total cholesterol in very large HDL | F1657: =_xlfn.XLOOKUP(C1657,gwas_metab_name_map!C:C,gwas_metab_name_map!D:D,"") -> metab_xlhdlc
A1658: GCST90302126 | B1658: nightingale | C1658: Total cholesterol levels in very large HDL | D1658: EFO_0004574 | E1658: Total cholesterol in very large HDL | F1658: =_xlfn.XLOOKUP(C1658,gwas_metab_name_map!C:C,gwas_metab_name_map!D:D,"") -> metab_xlhdlc
A1659: GCST90302127 | B1659: nightingale | C1659: Total cholesterol to total lipids ratio in very large HDL | D1659: EFO_0004612 | E1659: Total cholesterol to total lipids ratio in very large HDL | F1659: =_xlfn.XLOOKUP(C1659,gwas_metab_name_map!C:C,gwas_metab_name_map!D:D,"") -> metab_xlhdlcpct
A1660: GCST90302127 | B1660: nightingale | C1660: Total cholesterol to total lipids ratio in very large HDL | D1660: EFO_0020943 | E1660: Total cholesterol to total lipids ratio in very large HDL | F1660: =_xlfn.XLOOKUP(C1660,gwas_metab_name_map!C:C,gwas_metab_name_map!D:D,"") -> metab_xlhdlcpct
A1661: GCST90302128 | B1661: nightingale | C1661: Cholesterol esters in very large HDL | D1661: EFO_0008589 | E1661: Cholesterol esters in very large HDL | F1661: =_xlfn.XLOOKUP(C1661,gwas_metab_name_map!C:C,gwas_metab_name_map!D:D,"") -> metab_xlhdlce
A1662: GCST90302128 | B1662: nightingale | C1662: Cholesterol esters in very large HDL | D1662: EFO_0004612 | E1662: Cholesterol esters in very large HDL | F1662: =_xlfn.XLOOKUP(C1662,gwas_metab_name_map!C:C,gwas_metab_name_map!D:D,"") -> metab_xlhdlce
A1663: GCST90302129 | B1663: nightingale | C1663: Cholesteryl esters to total lipids ratio in very large HDL | D1663: EFO_0004612 | E1663: Cholesteryl esters to total lipids ratio in very large HDL | F1663: =_xlfn.XLOOKUP(C1663,gwas_metab_name_map!C:C,gwas_metab_name_map!D:D,"") -> metab_xlhdlcepct
A1664: GCST90302129 | B1664: nightingale | C1664: Cholesteryl esters to total lipids ratio in very large HDL | D1664: EFO_0020944 | E1664: Cholesteryl esters to total lipids ratio in very large HDL | F1664: =_xlfn.XLOOKUP(C1664,gwas_metab_name_map!C:C,gwas_metab_name_map!D:D,"") -> metab_xlhdlcepct
...

Sheet chen_annot
A1: id | B1: Metabolites | C1: Compound ID (Metabolon) | D1: CHRO_LIB_ENTRY_ID | E1: COMP_ID | F1: LIB_ID | G1: SUPER_PATHWAY | H1: SUB_PATHWAY | I1: PATHWAY_SORTORDER | J1: TYPE | K1: INCHIKEY | L1: SMILES | M1: CAS | N1: CHEMSPIDER | O1: HMDB | P1: HMDB_curated | Q1: KEGG | R1: PUBCHEM | S1: PUBCHEM_curated | T1: PLATFORM
A2: metab_compid_42370 | B2: S-1-pyrroline-5-carboxylate | C2: X35 | D2: 166164 | E2: 42370 | F2: 400 | G2: Amino Acid | H2: Glutamate Metabolism | I2: 62 | J2: NAMED | K2: DWAKNKKXGALPNW-REWHXWOFAV | L2: OC(C1CCC=N1)=O | M2: 2906-39-0 | N2: 10140206 | O2: HMDB0001301 | P2: HMDB0001301 | Q2: C04322 | R2: 11966181 | S2: 11966181 | T2: Pos Early
A3: metab_compid_485 | B3: spermidine | C3: X50 | D3: 157851 | E3: 485 | F3: 402 | G3: Amino Acid | H3: Polyamine Metabolism | I3: 545 | J3: NAMED | K3: ATHGHQPFGPMSJY-UHFFFAOYAK | L3: NCCCCNCCCN | M3: 124-20-9 | N3: 1071 | O3: HMDB0001257 | P3: HMDB0001257 | Q3: C00315 | R3: 1102 | S3: 1102 | T3: Pos Late
A4: metab_compid_27665 | B4: 1-methylnicotinamide | C4: X55 | D4: 155829 | E4: 27665 | F4: 400 | G4: Cofactors and Vitamins | H4: Nicotinate and Nicotinamide Metabolism | I4: 4316 | J4: NAMED | K4: LDHMAVIPBRSVRG-UHFFFAOYAE | L4: C[N+]1=CC(C([NH-])=O)=CC=C1 | M4: 1005-24-9 | N4: 8305504 | O4: HMDB0000699 | P4: HMDB0000699 | Q4: C02918 | R4: 457 | S4: 457 | T4: Pos Early
A5: metab_compid_38395 | B5: 12,13-DiHOME | C5: X62 | D5: 143675 | E5: 38395 | F5: 209 | G5: Lipid | H5: Fatty Acid, Dihydroxy | I5: 2030 | J5: NAMED | K5: CQSLTKIXAJTQGA-FLIBITNWBI | L5: CCCCCC(C(C/C=C\CCCCCCCC(O)=O)O)O | M5: 263399-35-5 | N5: 8412123 | O5: HMDB0004705 | P5: HMDB0004705 | Q5: C14829 | R5: 10236635 | S5: 10236635 | T5: Neg
A6: metab_compid_528 | B6: alpha-ketoglutarate | C6: X93 | D6: 146398 | E6: 528 | F6: 305 | G6: Energy | H6: TCA Cycle | I6: 1445 | J6: NAMED | K6: KPGXRSRHYNQIFN-UHFFFAOYAN | L6: O=C(C(O)=O)CCC(O)=O | M6: 328-50-7,22202-68-2,305-72-6 | N6: 50 | O6: HMDB0000208 | P6: HMDB0000208 | Q6: C00026 | R6: 51 | S6: 51 | T6: Polar
A7: metab_compid_1417 | B7: kynurenate | C7: X98 | D7: 155363 | E7: 1417 | F7: 400 | G7: Amino Acid | H7: Tryptophan Metabolism | I7: 272 | J7: NAMED | K7: HCZHHEIFKROPDY-UHFFFAOYAN | L7: OC1=C(C=CC=C2)C2=NC(C(O)=O)=C1 | M7: 492-27-3 | N7: 3712 | O7: HMDB0000715 | P7: HMDB0000715 | Q7: C01717 | R7: 3845 | S7: 3845 | T7: Pos Early
A8: metab_compid_1549 | B8: 3-hydroxyisobutyrate | C8: X111 | D8: 147711 | E8: 1549 | F8: 305 | G8: Amino Acid | H8: Leucine, Isoleucine and Valine Metabolism | I8: 428 | J8: NAMED | K8: DBXBTMSZEOQQDU-REWHXWOFAW | L8: CC(C(O)=O)CO | M8: 2068-83-9 | N8: 10140307 | O8: HMDB0000023,HMDB0000336 | P8: HMDB0000023,HMDB0000336 | Q8: C01188,C06001 | R8: 11966314 | S8: 11966314 | T8: Polar
A9: metab_compid_531 | B9: 3-hydroxy-3-methylglutarate | C9: X112 | D9: 146400 | E9: 531 | F9: 305 | G9: Lipid | H9: Mevalonate Metabolism | I9: 3175 | J9: NAMED | K9: NPOAOTPXWNWTSH-NUQVWONBAH | L9: CC(CC(O)=O)(CC(O)=O)O | M9: 503-49-1 | N9: 4573695 | O9: HMDB0000355 | P9: HMDB0000355 | Q9: C03761 | R9: 16625459993 | S9: 1662;5459993 | T9: Polar
A10: metab_compid_1101 | B10: homovanillate (HVA) | C10: X117 | D10: 124537 | E10: 1101 | F10: 209 | G10: Amino Acid | H10: Tyrosine Metabolism | I10: 210 | J10: NAMED | K10: QRMZSPFSDQBLIX-REWHXWOFAT | L10: COC1=CC(CC(O)=O)=CC=C1O | M10: 306-08-1 | N10: 5323114 | O10: HMDB0000118 | P10: HMDB0000118 | Q10: C05582 | R10: 1738 | S10: 1738 | T10: Neg
A11: metab_compid_1414 | B11: 3-phosphoglycerate | C11: X132 | D11: 155361 | E11: 1414 | F11: 400 | G11: Carbohydrate | H11: Glycolysis, Gluconeogenesis, and Pyruvate Metabolism | I11: 1237 | J11: NAMED | K11: IACAHGYCKIUESG-REWHXWOFAW | L11: OC(C(O)=O)COP(O)(O)=O | M11: 80731-10-8 | N11: 10669764 | O11: HMDB0000807 | P11: HMDB0000807 | Q11: C00597 | R11: 724 | S11: 724 | T11: Pos Early
A12: metab_compid_22842 | B12: cholate | C12: X136 | D12: 124689 | E12: 22842 | F12: 209 | G12: Lipid | H12: Primary Bile Acid Metabolism | I12: 3453 | J12: NAMED | K12: BHQCQFFYRZLCQQ-OELDTZBJBZ | L12: O[C@H]1[C@@]2([H])[C@]3([H])CC[C@H]([C@H](C)CCC(O)=O)[C@@]3(C)[C@@H](O)C[C@]2([H])[C@@]4(C)CC[C@@H](O)CC4C1 | M12: 81-25-4 | O12: HMDB0000619 | P12: HMDB0000619 | Q12: C00695 | R12: 221493 | S12: 221493 | T12: Neg
A13: metab_compid_541 | B13: 4-hydroxyphenylacetate | C13: X144 | D13: 123169 | E13: 541 | F13: 209 | G13: Amino Acid | H13: Phenylalanine Metabolism | I13: 159 | J13: NAMED | K13: XQXPVVBIMDBYFF-REWHXWOFAL | L13: OC(CC1=CC=C(C=C1)O)=O | M13: 156-38-7 | N13: 3881560 | O13: HMDB0000020 | P13: HMDB0000020 | Q13: C00642 | R13: 127 | S13: 127 | T13: Neg
A14: metab_compid_1418 | B14: 5,6-dihydrothymine | C14: X158 | D14: 123205 | E14: 1418 | F14: 209 | G14: Nucleotide | H14: Pyrimidine Metabolism, Thymine containing | I14: 4280 | J14: NAMED | K14: NBAKTGXDIBVZOO-UHFFFAOYAR | L14: O=C(NCC1C)NC1=O | M14: 696-04-8 | N14: 84456 | O14: HMDB0000079 | P14: HMDB0000079 | Q14: C00906 | R14: 93556 | S14: 93556 | T14: Neg
A15: metab_compid_38399 | B15: 9,10-DiHOME | C15: X179 | D15: 143740 | E15: 38399 | F15: 209 | G15: Lipid | H15: Fatty Acid, Dihydroxy | I15: 2031 | J15: NAMED | K15: XEBKSQSGNGRGDW-YFHOEESVBC | L15: CCCCC/C=C\CC(C(CCCCCCCC(O)=O)O)O | M15: 263399-34-4 | N15: 8142232 | O15: HMDB0004704 | P15: HMDB0004704 | Q15: C14828 | R15: 9966640 | S15: 9966640 | T15: Neg
A16: metab_compid_1105 | B16: linoleate (18:2n6) | C16: X180 | D16: 125969 | E16: 1105 | F16: 209 | G16: Lipid | H16: Long Chain Polyunsaturated Fatty Acid (n3 and n6) | I16: 1567 | J16: NAMED | K16: OYHQOLUKZRVURQ-HZJYTTRNBX | L16: OC(CCCCCCC/C=C\C/C=C\CCCCC)=O | M16: 60-33-3 | N16: 4444105 | O16: HMDB0006270,HMDB0000673 | P16: HMDB0006270,HMDB0000673 | Q16: C01595 | R16: 5280450 | S16: 5280450 | T16: Neg
A17: metab_compid_1645 | B17: laurate (12:0) | C17: X181 | D17: 125740 | E17: 1645 | F17: 209 | G17: Lipid | H17: Medium Chain Fatty Acid | I17: 1502 | J17: NAMED | K17: POULHZVOKOAJMA-UHFFFAOYAP | L17: O=C(O)CCCCCCCCCCC | M17: 143-07-7 | N17: 3756 | O17: HMDB0000638 | P17: HMDB0000638 | Q17: C02679 | R17: 3893 | S17: 3893 | T17: Neg
A18: metab_compid_1899 | B18: quinolinate | C18: X182 | D18: 155456 | E18: 1899 | F18: 400 | G18: Cofactors and Vitamins | H18: Nicotinate and Nicotinamide Metabolism | I18: 4300 | J18: NAMED | K18: GJAWHXHKYYXBSV-UHFFFAOYAW | L18: OC(C(C=CC=N1)=C1C(O)=O)=O | M18: 89-00-9 | N18: 1037 | O18: HMDB0000232 | P18: HMDB0000232 | Q18: C03722 | R18: 1066 | S18: 1066 | T18: Pos Early
A19: metab_compid_1498 | B19: N6,N6,N6-trimethyllysine | C19: X189 | D19: 155380 | E19: 1498 | F19: 400 | G19: Amino Acid | H19: Lysine Metabolism | I19: 116 | J19: NAMED | K19: MXNRLFUSFKVQSK-UHFFFAOYAO | L19: C[N+](C)(CCCCC(C([O-])=O)N)C | M19: 23284-33-5 | N19: 140379 | O19: HMDB0001325 | P19: HMDB0001325 | Q19: C03793 | R19: 440120 | S19: 440120 | T19: Pos Early
A20: metab_compid_37496 | B20: N-acetylputrescine | C20: X192 | D20: 156406 | E20: 37496 | F20: 400 | G20: Amino Acid | H20: Polyamine Metabolism | I20: 538 | J20: NAMED | K20: KLZGKIDSEJWEDW-UHFFFAOYAE | L20: CC(NCCCCN)=O | M20: 18233-70-0 | N20: 109095 | O20: HMDB0002064 | P20: HMDB0002064 | Q20: C02714 | R20: 122356 | S20: 122356 | T20: Pos Early
A21: metab_compid_2829 | B21: N-formylmethionine | C21: X194 | D21: 124831 | E21: 2829 | F21: 209 | G21: Amino Acid | H21: Methionine, Cysteine, SAM and Taurine Metabolism | I21: 437 | J21: NAMED | K21: PYUSHNKNPOHWEZ-YFKPBYRVBS | L21: CSCCC(C(O)=O)NC=O | M21: 4289-98-9 | N21: 388809 | O21: HMDB0001015 | P21: HMDB0001015 | Q21: C03145 | R21: 439750 | S21: 439750 | T21: Neg
A22: metab_compid_42382 | B22: S-adenosylhomocysteine (SAH) | C22: X197 | D22: 124939 | E22: 42382 | F22: 209 | G22: Amino Acid | H22: Methionine, Cysteine, SAM and Taurine Metabolism | I22: 446 | J22: NAMED | L22: OC1C(N2C=NC3=C2N=CN=C3N)OC(CSCCC(N)C(O)=O)C1O | M22: 979-92-0 | N22: 16788012 | O22: HMDB00939 | P22: HMDB00939 | Q22: C00021 | R22: 439155 | S22: 439155 | T22: Neg
A23: metab_compid_2831 | B23: adenosine 3',5'-cyclic monophosphate (cAMP) | C23: X207 | D23: 123233 | E23: 2831 | F23: 209 | G23: Nucleotide | H23: Purine Metabolism, Adenine containing | I23: 4142 | J23: NAMED | K23: IVOMOUWHDPKRLL-UHFFFAOYAA | L23: NC1=NC=NC2=C1N=CN2C3OC(CO4)C(OP4(O)=O)C3O | M23: 60-92-4 | N23: 268 | O23: HMDB0000058 | P23: HMDB0000058 | Q23: C00575 | R23: 6076 | S23: 6076 | T23: Neg
A24: metab_compid_3108 | B24: adenosine 5'-diphosphate (ADP) | C24: X208 | D24: 155484 | E24: 3108 | F24: 400 | G24: Nucleotide | H24: Purine Metabolism, Adenine containing | I24: 4138 | J24: NAMED | K24: XTWYTFMLZFPYCI-KQYNXXCUBP | L24: NC1=NC=NC2=C1N=CN2[C@@]3([H])[C@@](O)([H])[C@@](O)([H])[C@](COP(OP(O)(O)=O)(O)=O)([H])O3 | M24: 20398-34-9 | N24: 5800 | O24: HMDB0001341 | P24: HMDB0001341 | Q24: C00008 | R24: 6022 | S24: 6022 | T24: Pos Early
A25: metab_compid_32342 | B25: adenosine 5'-monophosphate (AMP) | C25: X209 | D25: 155907 | E25: 32342 | F25: 400 | G25: Nucleotide | H25: Purine Metabolism, Adenine containing | I25: 4139 | J25: NAMED | K25: UDMBCSSLTHHNCD-RWLQFSFNBF | L25: NC1=NC=NC2=C1N=CN2C3OC(C(C3O)O)COP(O)(O)=O | M25: 149022-20-8 | N25: 10239183 | O25: HMDB0000045 | P25: HMDB0000045 | Q25: C00020 | R25: 6083 | S25: 6083 | T25: Pos Early
A26: metab_compid_1419 | B26: 5-methylthioadenosine (MTA) | C26: X212 | D26: 155365 | E26: 1419 | F26: 400 | G26: Amino Acid | H26: Polyamine Metabolism | I26: 556 | J26: NAMED | K26: WUUGFSXJNOTRMR-IOSLPCCCBD | L26: NC1=NC=NC2=C1N=CN2[C@H]3[C@H](O)[C@H](O)[C@@H](CSC)O3 | M26: 2457-80-9 | N26: 388321 | O26: HMDB0001173 | P26: HMDB0001173 | Q26: C00170 | R26: 439176 | S26: 439176 | T26: Pos Early
A27: metab_compid_1110 | B27: arachidonate (20:4n6) | C27: X229 | D27: 125971 | E27: 1110 | F27: 209 | G27: Lipid | H27: Long Chain Polyunsaturated Fatty Acid (n3 and n6) | I27: 1573 | J27: NAMED | K27: YZXBAPSDXZZRGB-DOFZRALJBE | L27: CCCCC/C=C\C/C=C\C/C=C\C/C=C\CCCC(O)=O | M27: 506-32-1 | N27: 392692 | O27: HMDB0001043 | P27: HMDB0001043 | Q27: C00219 | R27: 444899 | S27: 444899 | T27: Neg
A28: metab_compid_1638 | B28: arginine | C28: X231 | D28: 155435 | E28: 1638 | F28: 400 | G28: Amino Acid | H28: Urea cycle; Arginine and Proline Metabolism | I28: 483 | J28: NAMED | K28: ODKSFYDXXFIFQN-UHFFFAOYAT | L28: N=C(N)NCCCC(N)C(O)=O | M28: 1119-34-2 | N28: 227 | O28: HMDB0000517 | P28: HMDB0000517 | Q28: C00062 | R28: 6322 | S28: 6322 | T28: Pos Early
A29: metab_compid_443 | B29: aspartate | C29: X234 | D29: 155304 | E29: 443 | F29: 400 | G29: Amino Acid | H29: Alanine and Aspartate Metabolism | I29: 36 | J29: NAMED | K29: CKLJMWTZIZZHCS-REOHCLBHBW | L29: NC(C(O)=O)CC(O)=O | M29: 56-84-8 | N29: 5745 | O29: HMDB0000191 | P29: HMDB0000191 | Q29: C00049 | R29: 5960 | S29: 5960 | T29: Pos Early
A30: metab_compid_1432 | B30: 2-hydroxyphenylacetate | C30: X235 | D30: 145724 | E30: 1432 | F30: 305 | G30: Amino Acid | H30: Phenylalanine Metabolism | I30: 156 | J30: NAMED | K30: CCVYRRGZDBSHFU-UHFFFAOYAL | L30: OC(CC1=C(O)C=CC=C1)=O | M30: 614-75-5 | N30: 11476 | O30: HMDB0000669 | P30: HMDB0000669 | Q30: C05852 | R30: 11970 | S30: 11970 | T30: Polar
A31: metab_compid_32197 | B31: 3-(4-hydroxyphenyl)lactate | C31: X240 | D31: 123321 | E31: 32197 | F31: 209 | G31: Amino Acid | H31: Tyrosine Metabolism | I31: 181 | J31: NAMED | K31: JVGVDSSUAVXRDY-UHFFFAOYAV | L31: OC(C(O)=O)CC1=CC=C(O)C=C1 | M31: 6482-98-0 | N31: 9010 | O31: HMDB0000755 | P31: HMDB0000755 | Q31: C03672 | R31: 9378 | S31: 9378 | T31: Neg
A32: metab_compid_566 | B32: phenylpyruvate | C32: X241 | D32: 124529 | E32: 566 | F32: 209 | G32: Amino Acid | H32: Phenylalanine Metabolism | I32: 150 | J32: NAMED | K32: BTNMPGBKDVTSJY-UHFFFAOYAU | L32: O=C(C(O)=O)CC1=CC=CC=C1 | M32: 156-06-9 | N32: 972 | O32: HMDB0000205 | P32: HMDB0000205 | Q32: C00166 | R32: 997 | S32: 997 | T32: Neg
